<?xml version="1.0" encoding="UTF-8"?>
<!DOCTYPE mapper
  PUBLIC "-//mybatis.org//DTD Mapper 3.0//EN"
  "http://mybatis.org/dtd/mybatis-3-mapper.dtd">
<mapper namespace="kr.smhrd.mapper.MemberMapper">
    <select id="memberList" resultType="MemberVO">
       select * from member
    </select>
    
    <insert id="memberInsert" parameterType="MemberVO">
       insert into member(id, pass, name, age, phone, email)
       values(#{id},#{pass},#{name},#{age},#{phone},#{email})        
    </insert>
    
    <delete id="memberDelete" parameterType="Integer">
       delete from member where num=#{num}         
    </delete>
    
    <select id="memberContent" parameterType="Integer" resultType="MemberVO">
        select * from member where num=#{num}        
    </select>
    
    <update id="memberUpdate" parameterType="MemberVO">
        update member set age=#{age}, phone=#{phone}, email=#{email} where num=#{num}        
    </update>
</mapper>