day_text,location,day,times_text,team_text,H_text,HR_text,S_text,ST_text,DU_text,ER_text,result_text,지점,기온(°C),강수량(mm),풍속(m/s),풍향(16방위),습도(%),현지기압(hPa),지면온도(°C)
2014-05-01 19:00,서울,5.1목,18:30,LG 트윈스,8,1,2,5,1,4,패,108,17.8,,5.2,250.0,50.0,1003.2,16.6
2014-05-01 19:00,서울,5.1목,18:30,NC 다이노스,12,0,1,4,1,1,승,108,17.8,,5.2,250.0,50.0,1003.2,16.6
2014-05-01 19:00,서울,5.1목,18:30,키움 히어로즈,8,1,0,10,0,0,승,108,17.8,,5.2,250.0,50.0,1003.2,16.6
2014-05-01 19:00,서울,5.1목,18:30,두산 베어스,8,1,2,5,1,0,패,108,17.8,,5.2,250.0,50.0,1003.2,16.6
2014-05-01 19:00,부산,5.1목,18:30,롯데 자이언츠,7,0,1,8,0,0,패,159,18.1,,5.2,250.0,73.0,1004.1,17.5
2014-05-01 19:00,부산,5.1목,18:30,한화 이글스,8,0,0,7,0,1,승,159,18.1,,5.2,250.0,73.0,1004.1,17.5
2014-05-01 19:00,인천,5.1목,18:30,SK 와이번스,10,0,1,8,2,8,패,112,13.8,,2.6,250.0,89.0,1005.4,15.5
2014-05-01 19:00,인천,5.1목,18:30,KIA 타이거즈,21,1,2,3,0,0,승,112,13.8,,2.6,250.0,89.0,1005.4,15.5
2014-05-03 17:00,부산,5.3토,17:00,롯데 자이언츠,11,0,3,9,1,1,승,159,17.7,,5.7,200.0,54.0,1010.0,26.0
2014-05-03 17:00,부산,5.3토,17:00,SK 와이번스,13,1,2,9,1,0,패,159,17.7,,5.7,200.0,54.0,1010.0,26.0
2014-05-03 17:00,창원,5.3토,17:00,NC 다이노스,13,0,2,6,0,0,승,155,19.9,,3.6,160.0,27.0,1013.1,25.9
2014-05-03 17:00,창원,5.3토,17:00,삼성 라이온즈,8,0,0,6,0,1,패,155,19.9,,3.6,160.0,27.0,1013.1,25.9
2014-05-03 17:00,서울,5.3토,17:00,두산 베어스,7,1,0,5,0,0,승,108,18.2,,5.0,250.0,43.0,1007.9,22.7
2014-05-03 17:00,서울,5.3토,17:00,LG 트윈스,7,1,0,5,0,1,패,108,18.2,,5.0,250.0,43.0,1007.9,22.7
2014-05-03 17:00,서울,5.3토,17:00,키움 히어로즈,7,1,1,5,2,1,승,108,18.2,,5.0,250.0,43.0,1007.9,22.7
2014-05-03 17:00,서울,5.3토,17:00,KIA 타이거즈,10,0,4,6,1,0,패,108,18.2,,5.0,250.0,43.0,1007.9,22.7
2014-05-04 14:00,부산,5.4일,14:00,롯데 자이언츠,18,4,2,5,1,0,승,159,18.2,,4.7,230.0,57.0,1006.4,31.4
2014-05-04 14:00,부산,5.4일,14:00,SK 와이번스,6,1,0,6,0,2,패,159,18.2,,4.7,230.0,57.0,1006.4,31.4
2014-05-04 14:00,창원,5.4일,14:00,NC 다이노스,8,0,0,6,1,0,패,155,18.9,,3.7,140.0,29.0,1009.8,22.8
2014-05-04 14:00,창원,5.4일,14:00,삼성 라이온즈,9,0,3,2,1,0,승,155,18.9,,3.7,140.0,29.0,1009.8,22.8
2014-05-04 14:00,서울,5.4일,14:00,두산 베어스,2,0,0,7,0,0,패,108,19.9,,8.7,230.0,31.0,1002.0,35.1
2014-05-04 14:00,서울,5.4일,14:00,LG 트윈스,15,0,1,5,0,1,승,108,19.9,,8.7,230.0,31.0,1002.0,35.1
2014-05-04 14:00,서울,5.4일,14:00,키움 히어로즈,14,3,1,3,0,2,패,108,19.9,,8.7,230.0,31.0,1002.0,35.1
2014-05-04 14:00,서울,5.4일,14:00,KIA 타이거즈,14,1,1,6,2,2,승,108,19.9,,8.7,230.0,31.0,1002.0,35.1
2014-05-05 14:00,부산,5.5월,14:00,롯데 자이언츠,9,1,1,11,1,0,패,159,18.6,,3.6,340.0,31.0,1008.2,43.8
2014-05-05 14:00,부산,5.5월,14:00,SK 와이번스,12,1,3,10,2,2,승,159,18.6,,3.6,340.0,31.0,1008.2,43.8
2014-05-05 14:00,창원,5.5월,14:00,NC 다이노스,9,0,2,4,0,1,패,155,19.0,,2.7,290.0,16.0,1011.8,33.5
2014-05-05 14:00,창원,5.5월,14:00,삼성 라이온즈,5,0,2,6,1,0,승,155,19.0,,2.7,290.0,16.0,1011.8,33.5
2014-05-05 14:00,서울,5.5월,14:00,두산 베어스,14,0,1,5,2,1,승,108,14.9,,6.9,250.0,34.0,1006.2,35.4
2014-05-05 14:00,서울,5.5월,14:00,LG 트윈스,8,0,0,4,1,0,패,108,14.9,,6.9,250.0,34.0,1006.2,35.4
2014-05-05 14:00,서울,5.5월,14:00,키움 히어로즈,14,3,3,7,2,0,승,108,14.9,,6.9,250.0,34.0,1006.2,35.4
2014-05-05 14:00,서울,5.5월,14:00,KIA 타이거즈,14,1,0,6,0,2,패,108,14.9,,6.9,250.0,34.0,1006.2,35.4
2014-05-06 14:00,대전,5.6화,14:00,한화 이글스,10,0,2,5,2,1,패,133,19.2,,1.7,200.0,27.0,1010.1,37.0
2014-05-06 14:00,대전,5.6화,14:00,LG 트윈스,15,0,1,7,0,2,승,133,19.2,,1.7,200.0,27.0,1010.1,37.0
2014-05-06 14:00,창원,5.6화,14:00,NC 다이노스,13,1,3,9,2,0,승,155,20.0,,2.0,70.0,22.0,1013.8,36.6
2014-05-06 14:00,창원,5.6화,14:00,키움 히어로즈,7,1,0,6,1,0,패,155,20.0,,2.0,70.0,22.0,1013.8,36.6
2014-05-06 14:00,서울,5.6화,14:00,두산 베어스,16,0,0,7,1,0,패,108,18.3,,6.4,230.0,29.0,1007.2,39.9
2014-05-06 14:00,서울,5.6화,14:00,롯데 자이언츠,24,2,0,4,1,1,승,108,18.3,,6.4,230.0,29.0,1007.2,39.9
2014-05-06 14:00,대구,5.6화,14:00,삼성 라이온즈,14,0,2,5,0,1,승,143,19.7,,2.6,340.0,17.0,1011.2,44.0
2014-05-06 14:00,대구,5.6화,14:00,SK 와이번스,8,1,1,8,0,1,패,143,19.7,,2.6,340.0,17.0,1011.2,44.0
2014-05-07 19:00,대전,5.7수,18:30,한화 이글스,15,1,2,7,0,1,승,133,20.0,,2.0,270.0,37.0,1002.0,18.8
2014-05-07 19:00,대전,5.7수,18:30,LG 트윈스,9,0,3,8,0,1,패,133,20.0,,2.0,270.0,37.0,1002.0,18.8
2014-05-07 19:00,창원,5.7수,18:30,NC 다이노스,21,6,0,5,1,0,승,155,16.2,,3.1,160.0,47.0,1008.9,16.8
2014-05-07 19:00,창원,5.7수,18:30,키움 히어로즈,6,2,0,8,0,0,패,155,16.2,,3.1,160.0,47.0,1008.9,16.8
2014-05-07 19:00,서울,5.7수,18:30,두산 베어스,11,2,0,11,1,0,패,108,17.7,,6.5,230.0,48.0,1000.1,18.3
2014-05-07 19:00,서울,5.7수,18:30,롯데 자이언츠,12,0,1,9,0,0,승,108,17.7,,6.5,230.0,48.0,1000.1,18.3
2014-05-07 19:00,대구,5.7수,18:30,삼성 라이온즈,6,0,0,8,0,0,승,143,20.0,,1.9,200.0,22.0,1004.2,19.8
2014-05-07 19:00,대구,5.7수,18:30,SK 와이번스,9,1,1,7,2,1,패,143,20.0,,1.9,200.0,22.0,1004.2,19.8
2014-05-08 19:00,대전,5.8목,18:30,한화 이글스,11,1,0,5,1,0,승,133,15.5,,2.4,290.0,70.0,1005.5,16.4
2014-05-08 19:00,대전,5.8목,18:30,LG 트윈스,7,0,0,5,3,0,패,133,15.5,,2.4,290.0,70.0,1005.5,16.4
2014-05-08 19:00,창원,5.8목,18:30,NC 다이노스,8,0,0,9,0,0,패,155,21.3,,2.0,360.0,28.0,1005.8,18.4
2014-05-08 19:00,창원,5.8목,18:30,키움 히어로즈,8,2,1,7,1,1,승,155,21.3,,2.0,360.0,28.0,1005.8,18.4
2014-05-08 19:00,서울,5.8목,18:30,두산 베어스,20,6,0,1,3,1,승,108,15.4,,4.0,230.0,75.0,1002.4,14.8
2014-05-08 19:00,서울,5.8목,18:30,롯데 자이언츠,11,0,2,8,2,1,패,108,15.4,,4.0,230.0,75.0,1002.4,14.8
2014-05-08 19:00,대구,5.8목,18:30,삼성 라이온즈,6,2,1,7,0,0,승,143,20.4,,3.5,320.0,31.0,1004.3,20.1
2014-05-08 19:00,대구,5.8목,18:30,SK 와이번스,3,0,1,11,1,0,패,143,20.4,,3.5,320.0,31.0,1004.3,20.1
2014-05-09 19:00,광주,5.9금,18:30,KIA 타이거즈,9,2,0,9,0,0,승,156,22.3,,0.8,20.0,27.0,1008.1,21.3
2014-05-09 19:00,광주,5.9금,18:30,한화 이글스,7,0,3,12,0,1,패,156,22.3,,0.8,20.0,27.0,1008.1,21.3
2014-05-09 19:00,서울,5.9금,18:30,LG 트윈스,10,0,1,4,1,2,패,108,21.4,,2.8,290.0,39.0,1006.9,20.1
2014-05-09 19:00,서울,5.9금,18:30,키움 히어로즈,9,1,2,8,0,1,승,108,21.4,,2.8,290.0,39.0,1006.9,20.1
2014-05-09 19:00,부산,5.9금,18:30,롯데 자이언츠,9,1,1,9,0,0,승,159,16.2,,3.6,70.0,59.0,1011.8,16.2
2014-05-09 19:00,부산,5.9금,18:30,NC 다이노스,4,0,0,12,0,2,패,159,16.2,,3.6,70.0,59.0,1011.8,16.2
2014-05-09 19:00,대구,5.9금,18:30,삼성 라이온즈,17,4,0,1,0,0,승,143,18.6,,4.9,90.0,32.0,1011.5,20.2
2014-05-09 19:00,대구,5.9금,18:30,두산 베어스,9,0,0,4,1,0,패,143,18.6,,4.9,90.0,32.0,1011.5,20.2
2014-05-10 17:00,광주,5.10토,17:00,KIA 타이거즈,18,2,2,5,1,0,승,156,24.3,,5.2,180.0,26.0,1009.1,31.9
2014-05-10 17:00,광주,5.10토,17:00,한화 이글스,9,1,0,3,0,0,패,156,24.3,,5.2,180.0,26.0,1009.1,31.9
2014-05-10 17:00,서울,5.10토,17:00,LG 트윈스,11,0,2,9,1,1,승,108,27.4,,3.1,290.0,29.0,1007.4,29.4
2014-05-10 17:00,서울,5.10토,17:00,키움 히어로즈,7,0,1,6,0,2,패,108,27.4,,3.1,290.0,29.0,1007.4,29.4
2014-05-10 17:00,부산,5.10토,17:00,롯데 자이언츠,6,1,1,5,1,1,패,159,20.3,,2.0,70.0,45.0,1012.1,28.1
2014-05-10 17:00,부산,5.10토,17:00,NC 다이노스,8,1,1,10,0,1,승,159,20.3,,2.0,70.0,45.0,1012.1,28.1
2014-05-10 17:00,대구,5.10토,17:00,삼성 라이온즈,5,0,1,4,2,2,패,143,23.9,,4.2,90.0,22.0,1012.9,37.8
2014-05-10 17:00,대구,5.10토,17:00,두산 베어스,15,1,2,5,2,1,승,143,23.9,,4.2,90.0,22.0,1012.9,37.8
2014-05-11 14:00,광주,5.11일,14:00,KIA 타이거즈,9,1,0,4,0,1,승,156,21.5,,4.6,160.0,49.0,1004.0,28.3
2014-05-11 14:00,광주,5.11일,14:00,한화 이글스,6,0,3,6,2,1,패,156,21.5,,4.6,160.0,49.0,1004.0,28.3
2014-05-11 14:00,서울,5.11일,14:00,LG 트윈스,4,0,0,6,1,0,패,108,23.5,,4.0,90.0,35.0,1000.9,28.5
2014-05-11 14:00,서울,5.11일,14:00,키움 히어로즈,12,3,1,2,2,0,승,108,23.5,,4.0,90.0,35.0,1000.9,28.5
2014-05-11 14:00,부산,5.11일,14:00,롯데 자이언츠,6,0,0,4,1,2,패,159,20.9,,3.0,90.0,63.0,1008.3,41.8
2014-05-11 14:00,부산,5.11일,14:00,NC 다이노스,12,1,0,4,0,0,승,159,20.9,,3.0,90.0,63.0,1008.3,41.8
2014-05-11 14:00,대구,5.11일,14:00,삼성 라이온즈,3,0,1,4,0,1,패,143,26.4,,3.6,180.0,27.0,1007.1,45.0
2014-05-11 14:00,대구,5.11일,14:00,두산 베어스,13,2,0,5,1,0,승,143,26.4,,3.6,180.0,27.0,1007.1,45.0
2014-05-13 19:00,대전,5.13화,18:30,한화 이글스,7,0,0,7,2,1,패,133,23.4,,1.4,230.0,57.0,998.8,21.5
2014-05-13 19:00,대전,5.13화,18:30,삼성 라이온즈,13,2,4,2,0,0,승,133,23.4,,1.4,230.0,57.0,998.8,21.5
2014-05-13 19:00,광주,5.13화,18:30,KIA 타이거즈,7,1,1,7,0,2,패,156,23.6,,3.8,230.0,40.0,999.3,20.0
2014-05-13 19:00,광주,5.13화,18:30,NC 다이노스,7,1,1,4,3,1,승,156,23.6,,3.8,230.0,40.0,999.3,20.0
2014-05-13 19:00,부산,5.13화,18:30,롯데 자이언츠,6,0,1,7,0,1,패,159,19.5,,3.9,200.0,71.0,999.2,19.2
2014-05-13 19:00,부산,5.13화,18:30,LG 트윈스,7,1,0,2,1,0,승,159,19.5,,3.9,200.0,71.0,999.2,19.2
2014-05-13 19:00,서울,5.13화,18:30,두산 베어스,13,1,3,9,0,0,승,108,22.5,,4.4,250.0,57.0,995.6,18.9
2014-05-13 19:00,서울,5.13화,18:30,SK 와이번스,10,3,0,7,0,1,패,108,22.5,,4.4,250.0,57.0,995.6,18.9
2014-05-14 19:00,대전,5.14수,18:30,한화 이글스,7,0,2,11,1,0,패,133,24.2,,3.0,340.0,52.0,990.4,23.0
2014-05-14 19:00,대전,5.14수,18:30,삼성 라이온즈,11,0,1,5,1,1,승,133,24.2,,3.0,340.0,52.0,990.4,23.0
2014-05-14 19:00,광주,5.14수,18:30,KIA 타이거즈,12,0,2,8,1,2,패,156,17.5,,0.7,160.0,72.0,991.3,19.0
2014-05-14 19:00,광주,5.14수,18:30,NC 다이노스,10,2,3,6,0,0,승,156,17.5,,0.7,160.0,72.0,991.3,19.0
2014-05-14 19:00,부산,5.14수,18:30,롯데 자이언츠,9,0,0,6,0,0,패,159,15.8,,1.3,200.0,76.0,991.4,17.2
2014-05-14 19:00,부산,5.14수,18:30,LG 트윈스,6,0,1,7,1,0,승,159,15.8,,1.3,200.0,76.0,991.4,17.2
2014-05-14 19:00,서울,5.14수,18:30,두산 베어스,15,3,0,7,0,0,승,108,20.2,,5.4,270.0,50.0,989.4,20.3
2014-05-14 19:00,서울,5.14수,18:30,SK 와이번스,5,0,2,11,1,1,패,108,20.2,,5.4,270.0,50.0,989.4,20.3
2014-05-15 19:00,대전,5.15목,18:30,한화 이글스,10,0,0,15,0,0,무,133,21.1,,2.4,320.0,32.0,994.3,20.4
2014-05-15 19:00,대전,5.15목,18:30,삼성 라이온즈,9,1,0,5,1,0,무,133,21.1,,2.4,320.0,32.0,994.3,20.4
2014-05-15 19:00,광주,5.15목,18:30,KIA 타이거즈,8,4,2,5,0,1,승,156,20.1,,1.8,320.0,43.0,995.4,18.4
2014-05-15 19:00,광주,5.15목,18:30,NC 다이노스,10,1,0,14,0,1,패,156,20.1,,1.8,320.0,43.0,995.4,18.4
2014-05-15 19:00,부산,5.15목,18:30,롯데 자이언츠,14,0,0,9,0,0,승,159,21.1,,2.6,340.0,61.0,992.9,20.5
2014-05-15 19:00,부산,5.15목,18:30,LG 트윈스,10,1,0,4,1,1,패,159,21.1,,2.6,340.0,61.0,992.9,20.5
2014-05-15 19:00,서울,5.15목,18:30,두산 베어스,14,1,1,8,0,1,승,108,20.1,,3.8,250.0,47.0,991.0,20.4
2014-05-15 19:00,서울,5.15목,18:30,SK 와이번스,4,0,1,7,0,3,패,108,20.1,,3.8,250.0,47.0,991.0,20.4
2014-05-16 19:00,창원,5.16금,18:30,NC 다이노스,5,0,0,8,0,0,패,155,22.0,,0.4,0.0,49.0,1004.2,21.3
2014-05-16 19:00,창원,5.16금,18:30,두산 베어스,13,3,1,9,0,2,승,155,22.0,,0.4,0.0,49.0,1004.2,21.3
2014-05-16 19:00,인천,5.16금,18:30,SK 와이번스,7,1,2,8,1,2,패,112,19.2,,1.4,270.0,50.0,1001.3,17.2
2014-05-16 19:00,인천,5.16금,18:30,한화 이글스,10,0,1,6,1,0,승,112,19.2,,1.4,270.0,50.0,1001.3,17.2
2014-05-16 19:00,대구,5.16금,18:30,삼성 라이온즈,6,2,1,5,1,0,승,143,25.6,,2.0,320.0,22.0,1001.5,24.6
2014-05-16 19:00,대구,5.16금,18:30,KIA 타이거즈,6,0,3,8,0,0,패,143,25.6,,2.0,320.0,22.0,1001.5,24.6
2014-05-16 19:00,서울,5.16금,18:30,키움 히어로즈,7,1,2,6,2,1,패,108,21.6,,4.7,270.0,31.0,999.4,22.0
2014-05-16 19:00,서울,5.16금,18:30,롯데 자이언츠,12,0,0,7,1,0,승,108,21.6,,4.7,270.0,31.0,999.4,22.0
2014-05-17 17:00,창원,5.17토,17:00,NC 다이노스,4,0,1,2,0,0,패,155,24.5,,3.9,180.0,27.0,1005.8,29.9
2014-05-17 17:00,창원,5.17토,17:00,두산 베어스,11,0,1,2,2,2,승,155,24.5,,3.9,180.0,27.0,1005.8,29.9
2014-05-17 17:00,인천,5.17토,17:00,SK 와이번스,16,0,6,6,0,1,승,112,23.3,,3.0,270.0,46.0,1002.5,28.0
2014-05-17 17:00,인천,5.17토,17:00,한화 이글스,10,1,0,8,1,1,패,112,23.3,,3.0,270.0,46.0,1002.5,28.0
2014-05-17 17:00,대구,5.17토,17:00,삼성 라이온즈,18,3,0,6,2,3,승,143,28.9,,2.0,340.0,17.0,1002.4,40.4
2014-05-17 17:00,대구,5.17토,17:00,KIA 타이거즈,11,1,1,8,0,2,패,143,28.9,,2.0,340.0,17.0,1002.4,40.4
2014-05-17 17:00,서울,5.17토,17:00,키움 히어로즈,13,0,0,3,0,1,승,108,26.0,,4.1,230.0,32.0,1000.3,28.7
2014-05-17 17:00,서울,5.17토,17:00,롯데 자이언츠,8,1,0,7,0,5,패,108,26.0,,4.1,230.0,32.0,1000.3,28.7
2014-05-18 14:00,창원,5.18일,14:00,NC 다이노스,14,2,0,7,1,1,승,155,23.3,,4.3,160.0,46.0,1008.5,39.1
2014-05-18 14:00,창원,5.18일,14:00,두산 베어스,10,2,0,2,0,1,패,155,23.3,,4.3,160.0,46.0,1008.5,39.1
2014-05-18 14:00,인천,5.18일,14:00,SK 와이번스,12,0,0,5,1,0,패,112,21.9,,3.2,230.0,65.0,1004.4,35.8
2014-05-18 14:00,인천,5.18일,14:00,한화 이글스,13,0,0,3,1,0,승,112,21.9,,3.2,230.0,65.0,1004.4,35.8
2014-05-18 14:00,대구,5.18일,14:00,삼성 라이온즈,16,1,2,6,0,0,승,143,28.6,,1.3,140.0,21.0,1004.7,53.0
2014-05-18 14:00,대구,5.18일,14:00,KIA 타이거즈,6,0,0,4,0,1,패,143,28.6,,1.3,140.0,21.0,1004.7,53.0
2014-05-18 14:00,서울,5.18일,14:00,키움 히어로즈,11,1,0,10,0,3,패,108,26.5,,3.0,200.0,33.0,1001.8,44.6
2014-05-18 14:00,서울,5.18일,14:00,롯데 자이언츠,12,2,0,3,1,0,승,108,26.5,,3.0,200.0,33.0,1001.8,44.6
2014-05-20 19:00,대전,5.20화,18:30,한화 이글스,4,1,1,2,2,2,패,133,22.4,,0.4,0.0,58.0,996.2,22.7
2014-05-20 19:00,대전,5.20화,18:30,키움 히어로즈,8,2,0,3,2,0,승,133,22.4,,0.4,0.0,58.0,996.2,22.7
2014-05-20 19:00,서울,5.20화,18:30,LG 트윈스,7,1,1,6,1,1,패,108,25.0,,4.0,270.0,44.0,993.8,24.4
2014-05-20 19:00,서울,5.20화,18:30,KIA 타이거즈,12,4,1,3,0,2,승,108,25.0,,4.0,270.0,44.0,993.8,24.4
2014-05-20 19:00,부산,5.20화,18:30,롯데 자이언츠,8,0,0,12,0,1,패,159,17.2,,3.0,20.0,95.0,995.7,18.4
2014-05-20 19:00,부산,5.20화,18:30,삼성 라이온즈,9,1,0,2,0,2,승,159,17.2,,3.0,20.0,95.0,995.7,18.4
2014-05-20 19:00,인천,5.20화,18:30,SK 와이번스,7,1,0,1,1,0,패,112,21.3,,4.6,340.0,52.0,996.1,18.9
2014-05-20 19:00,인천,5.20화,18:30,NC 다이노스,9,2,1,7,0,0,승,112,21.3,,4.6,340.0,52.0,996.1,18.9
2014-05-21 19:00,대전,5.21수,18:30,한화 이글스,15,2,1,8,2,1,승,133,21.4,,2.4,200.0,69.0,999.2,23.2
2014-05-21 19:00,대전,5.21수,18:30,키움 히어로즈,11,1,0,8,1,1,패,133,21.4,,2.4,200.0,69.0,999.2,23.2
2014-05-21 19:00,서울,5.21수,18:30,LG 트윈스,8,1,2,10,0,0,승,108,21.2,,4.9,270.0,62.0,996.7,22.8
2014-05-21 19:00,서울,5.21수,18:30,KIA 타이거즈,8,0,0,7,1,1,패,108,21.2,,4.9,270.0,62.0,996.7,22.8
2014-05-21 19:00,부산,5.21수,18:30,롯데 자이언츠,13,0,0,9,0,1,패,159,19.3,,2.5,90.0,78.0,998.1,20.4
2014-05-21 19:00,부산,5.21수,18:30,삼성 라이온즈,7,3,2,4,0,0,승,159,19.3,,2.5,90.0,78.0,998.1,20.4
2014-05-21 19:00,인천,5.21수,18:30,SK 와이번스,16,2,0,9,0,0,승,112,16.1,,2.7,230.0,98.0,999.0,15.9
2014-05-21 19:00,인천,5.21수,18:30,NC 다이노스,8,0,1,7,0,0,패,112,16.1,,2.7,230.0,98.0,999.0,15.9
2014-05-22 19:00,대전,5.22목,18:30,한화 이글스,20,1,0,5,1,2,승,133,25.2,,1.9,230.0,62.0,1003.9,26.0
2014-05-22 19:00,대전,5.22목,18:30,키움 히어로즈,9,0,0,4,3,2,패,133,25.2,,1.9,230.0,62.0,1003.9,26.0
2014-05-22 19:00,서울,5.22목,18:30,LG 트윈스,21,0,2,5,1,1,승,108,24.8,,3.8,270.0,45.0,1001.4,25.2
2014-05-22 19:00,서울,5.22목,18:30,KIA 타이거즈,15,3,0,7,3,1,패,108,24.8,,3.8,270.0,45.0,1001.4,25.2
2014-05-22 19:00,부산,5.22목,18:30,롯데 자이언츠,10,1,2,10,0,1,패,159,18.0,,3.3,90.0,84.0,1006.3,21.5
2014-05-22 19:00,부산,5.22목,18:30,삼성 라이온즈,9,2,1,6,1,2,승,159,18.0,,3.3,90.0,84.0,1006.3,21.5
2014-05-22 19:00,인천,5.22목,18:30,SK 와이번스,9,0,0,14,0,1,승,112,19.3,,3.2,270.0,86.0,1004.0,21.9
2014-05-22 19:00,인천,5.22목,18:30,NC 다이노스,8,0,2,4,2,0,패,112,19.3,,3.2,270.0,86.0,1004.0,21.9
2014-05-23 19:00,대전,5.23금,18:30,한화 이글스,12,1,0,3,1,1,패,133,24.5,,2.0,180.0,65.0,1009.1,25.7
2014-05-23 19:00,대전,5.23금,18:30,두산 베어스,11,1,1,9,0,0,승,133,24.5,,2.0,180.0,65.0,1009.1,25.7
2014-05-23 19:00,광주,5.23금,18:30,KIA 타이거즈,6,0,0,7,1,0,패,156,23.9,,2.8,200.0,60.0,1009.5,25.0
2014-05-23 19:00,광주,5.23금,18:30,롯데 자이언츠,3,0,0,8,0,0,승,156,23.9,,2.8,200.0,60.0,1009.5,25.0
2014-05-23 19:00,서울,5.23금,18:30,LG 트윈스,12,1,1,8,0,1,승,108,22.8,,5.4,230.0,68.0,1007.0,25.5
2014-05-23 19:00,서울,5.23금,18:30,SK 와이번스,8,1,2,10,1,2,패,108,22.8,,5.4,230.0,68.0,1007.0,25.5
2014-05-23 19:00,서울,5.23금,18:30,키움 히어로즈,6,1,1,5,0,0,패,108,22.8,,5.4,230.0,68.0,1007.0,25.5
2014-05-23 19:00,서울,5.23금,18:30,삼성 라이온즈,11,2,1,5,0,1,승,108,22.8,,5.4,230.0,68.0,1007.0,25.5
2014-05-24 17:00,대전,5.24토,17:00,한화 이글스,15,0,2,6,0,1,승,133,27.8,,1.5,250.0,60.0,1006.4,33.6
2014-05-24 17:00,대전,5.24토,17:00,두산 베어스,14,0,0,5,1,2,패,133,27.8,,1.5,250.0,60.0,1006.4,33.6
2014-05-24 17:00,광주,5.24토,17:00,KIA 타이거즈,12,1,0,3,0,2,승,156,25.6,,4.5,200.0,45.0,1007.3,29.5
2014-05-24 17:00,광주,5.24토,17:00,롯데 자이언츠,2,0,0,7,0,1,패,156,25.6,,4.5,200.0,45.0,1007.3,29.5
2014-05-24 17:00,서울,5.24토,17:00,LG 트윈스,7,2,1,11,2,0,패,108,24.2,,5.3,270.0,64.0,1004.6,28.9
2014-05-24 17:00,서울,5.24토,17:00,SK 와이번스,8,3,2,5,0,0,승,108,24.2,,5.3,270.0,64.0,1004.6,28.9
2014-05-24 17:00,서울,5.24토,17:00,키움 히어로즈,6,1,1,7,0,0,패,108,24.2,,5.3,270.0,64.0,1004.6,28.9
2014-05-24 17:00,서울,5.24토,17:00,삼성 라이온즈,7,3,3,4,0,0,승,108,24.2,,5.3,270.0,64.0,1004.6,28.9
2014-05-25 14:00,대전,5.25일,14:00,한화 이글스,12,0,3,8,2,0,패,133,22.7,0.0,1.5,230.0,71.0,1000.7,27.6
2014-05-25 14:00,대전,5.25일,14:00,두산 베어스,18,1,0,2,2,1,승,133,22.7,0.0,1.5,230.0,71.0,1000.7,27.6
2014-05-25 14:00,광주,5.25일,14:00,KIA 타이거즈,14,1,1,4,2,0,승,156,20.5,0.5,5.1,180.0,66.0,1001.5,23.6
2014-05-25 14:00,광주,5.25일,14:00,롯데 자이언츠,6,1,0,7,0,1,패,156,20.5,0.5,5.1,180.0,66.0,1001.5,23.6
2014-05-25 14:00,서울,5.25일,14:00,LG 트윈스,6,0,1,5,0,1,패,108,22.8,,5.2,230.0,59.0,997.8,26.6
2014-05-25 14:00,서울,5.25일,14:00,SK 와이번스,12,0,5,5,0,0,승,108,22.8,,5.2,230.0,59.0,997.8,26.6
2014-05-25 14:00,서울,5.25일,14:00,키움 히어로즈,5,1,0,11,0,2,패,108,22.8,,5.2,230.0,59.0,997.8,26.6
2014-05-25 14:00,서울,5.25일,14:00,삼성 라이온즈,23,2,0,7,2,0,승,108,22.8,,5.2,230.0,59.0,997.8,26.6
2014-05-27 19:00,창원,5.27화,18:30,NC 다이노스,19,5,0,8,1,2,승,155,22.7,,2.5,200.0,51.0,997.4,21.1
2014-05-27 19:00,창원,5.27화,18:30,한화 이글스,15,0,1,4,1,2,패,155,22.7,,2.5,200.0,51.0,997.4,21.1
2014-05-27 19:00,서울,5.27화,18:30,두산 베어스,11,1,0,10,0,0,패,108,26.1,,5.2,200.0,42.0,988.4,24.3
2014-05-27 19:00,서울,5.27화,18:30,KIA 타이거즈,12,0,0,8,2,0,승,108,26.1,,5.2,200.0,42.0,988.4,24.3
2014-05-27 19:00,인천,5.27화,18:30,SK 와이번스,10,0,0,6,1,1,패,112,21.9,,5.1,230.0,72.0,990.2,20.2
2014-05-27 19:00,인천,5.27화,18:30,키움 히어로즈,15,3,2,4,2,0,승,112,21.9,,5.1,230.0,72.0,990.2,20.2
2014-05-27 19:00,대구,5.27화,18:30,삼성 라이온즈,8,0,0,9,1,0,패,143,29.2,,1.9,200.0,27.0,992.9,28.4
2014-05-27 19:00,대구,5.27화,18:30,LG 트윈스,9,0,1,6,1,2,승,143,29.2,,1.9,200.0,27.0,992.9,28.4
2014-05-28 19:00,창원,5.28수,18:30,NC 다이노스,17,4,0,9,0,0,승,155,20.9,,3.4,160.0,81.0,997.7,22.2
2014-05-28 19:00,창원,5.28수,18:30,한화 이글스,7,0,0,7,0,0,패,155,20.9,,3.4,160.0,81.0,997.7,22.2
2014-05-28 19:00,서울,5.28수,18:30,두산 베어스,13,2,2,4,1,1,승,108,25.3,,3.3,250.0,63.0,990.8,26.6
2014-05-28 19:00,서울,5.28수,18:30,KIA 타이거즈,12,1,1,10,0,0,패,108,25.3,,3.3,250.0,63.0,990.8,26.6
2014-05-28 19:00,인천,5.28수,18:30,SK 와이번스,7,1,2,4,1,0,패,112,21.2,,4.4,290.0,85.0,993.2,21.2
2014-05-28 19:00,인천,5.28수,18:30,키움 히어로즈,7,2,0,2,2,0,승,112,21.2,,4.4,290.0,85.0,993.2,21.2
2014-05-28 19:00,대구,5.28수,18:30,삼성 라이온즈,12,1,1,1,1,0,승,143,19.8,0.3,5.2,140.0,69.0,996.2,20.7
2014-05-28 19:00,대구,5.28수,18:30,LG 트윈스,9,0,2,6,1,0,패,143,19.8,0.3,5.2,140.0,69.0,996.2,20.7
2014-05-29 19:00,창원,5.29목,18:30,NC 다이노스,19,2,0,2,1,0,승,155,24.3,,3.3,140.0,54.0,1002.9,24.4
2014-05-29 19:00,창원,5.29목,18:30,한화 이글스,16,0,0,4,3,0,패,155,24.3,,3.3,140.0,54.0,1002.9,24.4
2014-05-29 19:00,서울,5.29목,18:30,두산 베어스,22,1,2,6,0,0,승,108,26.8,,4.9,270.0,35.0,997.0,26.9
2014-05-29 19:00,서울,5.29목,18:30,KIA 타이거즈,16,2,2,10,1,0,패,108,26.8,,4.9,270.0,35.0,997.0,26.9
2014-05-29 19:00,인천,5.29목,18:30,SK 와이번스,16,1,4,7,1,1,승,112,21.9,,1.9,270.0,64.0,999.3,21.8
2014-05-29 19:00,인천,5.29목,18:30,키움 히어로즈,7,1,4,10,0,0,패,112,21.9,,1.9,270.0,64.0,999.3,21.8
2014-05-29 19:00,대구,5.29목,18:30,삼성 라이온즈,8,1,4,5,2,0,승,143,33.2,,2.0,340.0,15.0,998.8,32.1
2014-05-29 19:00,대구,5.29목,18:30,LG 트윈스,6,0,1,7,1,1,패,143,33.2,,2.0,340.0,15.0,998.8,32.1
2014-05-30 19:00,서울,5.30금,18:30,LG 트윈스,8,0,1,9,0,1,패,108,27.7,,3.7,270.0,38.0,999.9,28.2
2014-05-30 19:00,서울,5.30금,18:30,키움 히어로즈,13,2,2,7,2,0,승,108,27.7,,3.7,270.0,38.0,999.9,28.2
2014-05-30 19:00,부산,5.30금,18:30,롯데 자이언츠,7,1,1,6,1,0,패,159,20.3,,3.6,230.0,76.0,1002.5,24.0
2014-05-30 19:00,부산,5.30금,18:30,두산 베어스,11,0,1,3,1,0,승,159,20.3,,3.6,230.0,76.0,1002.5,24.0
2014-05-30 19:00,창원,5.30금,18:30,NC 다이노스,14,0,2,6,0,2,승,155,25.1,,1.8,140.0,46.0,1005.9,25.2
2014-05-30 19:00,창원,5.30금,18:30,KIA 타이거즈,8,2,0,5,2,2,패,155,25.1,,1.8,140.0,46.0,1005.9,25.2
2014-05-30 19:00,인천,5.30금,18:30,SK 와이번스,10,0,1,6,2,0,승,112,24.7,,2.7,290.0,45.0,1002.0,22.2
2014-05-30 19:00,인천,5.30금,18:30,한화 이글스,6,1,1,4,0,0,패,112,24.7,,2.7,290.0,45.0,1002.0,22.2
2014-05-31 17:00,서울,5.31토,17:00,LG 트윈스,13,2,2,7,0,0,승,108,31.3,,5.6,270.0,42.0,1001.0,35.6
2014-05-31 17:00,서울,5.31토,17:00,키움 히어로즈,12,1,1,10,1,0,패,108,31.3,,5.6,270.0,42.0,1001.0,35.6
2014-05-31 17:00,부산,5.31토,17:00,롯데 자이언츠,29,2,0,4,1,1,승,159,24.9,,3.8,230.0,56.0,1003.7,35.4
2014-05-31 17:00,부산,5.31토,17:00,두산 베어스,5,1,0,3,1,2,패,159,24.9,,3.8,230.0,56.0,1003.7,35.4
2014-05-31 17:00,창원,5.31토,17:00,NC 다이노스,12,1,2,8,1,1,승,155,29.0,,3.3,140.0,31.0,1006.9,39.2
2014-05-31 17:00,창원,5.31토,17:00,KIA 타이거즈,9,3,1,7,0,0,패,155,29.0,,3.3,140.0,31.0,1006.9,39.2
2014-05-31 17:00,인천,5.31토,17:00,SK 와이번스,11,0,0,1,1,0,승,112,24.2,,3.0,250.0,77.0,1003.4,29.4
2014-05-31 17:00,인천,5.31토,17:00,한화 이글스,11,1,1,6,1,1,패,112,24.2,,3.0,250.0,77.0,1003.4,29.4
2014-06-01 17:00,서울,6.1일,17:00,LG 트윈스,12,1,2,12,1,1,패,108,27.7,,4.2,270.0,51.0,1000.4,31.5
2014-06-01 17:00,서울,6.1일,17:00,키움 히어로즈,13,2,2,7,0,0,승,108,27.7,,4.2,270.0,51.0,1000.4,31.5
2014-06-01 17:00,부산,6.1일,17:00,롯데 자이언츠,18,1,2,2,1,0,승,159,22.5,,4.1,200.0,67.0,1003.0,28.5
2014-06-01 17:00,부산,6.1일,17:00,두산 베어스,11,3,0,2,0,0,패,159,22.5,,4.1,200.0,67.0,1003.0,28.5
2014-06-01 17:00,창원,6.1일,17:00,NC 다이노스,6,2,0,12,1,1,패,155,26.1,,1.5,250.0,53.0,1006.3,29.5
2014-06-01 17:00,창원,6.1일,17:00,KIA 타이거즈,13,1,2,4,2,0,승,155,26.1,,1.5,250.0,53.0,1006.3,29.5
2014-06-01 17:00,인천,6.1일,17:00,SK 와이번스,9,1,2,10,0,2,패,112,25.5,,1.6,360.0,55.0,1002.4,25.5
2014-06-01 17:00,인천,6.1일,17:00,한화 이글스,12,0,1,4,0,1,승,112,25.5,,1.6,360.0,55.0,1002.4,25.5
2014-06-03 19:00,광주,6.3화,18:30,KIA 타이거즈,8,0,1,10,0,0,패,156,18.9,0.0,4.5,70.0,88.0,995.2,19.8
2014-06-03 19:00,광주,6.3화,18:30,삼성 라이온즈,9,0,2,3,1,1,승,156,18.9,0.0,4.5,70.0,88.0,995.2,19.8
2014-06-03 19:00,서울,6.3화,18:30,키움 히어로즈,9,1,0,9,0,0,패,108,19.1,0.0,2.8,70.0,98.0,996.2,20.1
2014-06-03 19:00,서울,6.3화,18:30,NC 다이노스,7,1,4,6,0,0,승,108,19.1,0.0,2.8,70.0,98.0,996.2,20.1
2014-06-04 19:00,광주,6.4수,18:30,KIA 타이거즈,7,1,0,6,0,0,패,156,24.6,,4.1,70.0,58.0,994.4,23.8
2014-06-04 19:00,광주,6.4수,18:30,삼성 라이온즈,13,3,4,6,1,1,승,156,24.6,,4.1,70.0,58.0,994.4,23.8
2014-06-04 19:00,서울,6.4수,18:30,두산 베어스,9,2,0,4,3,3,패,108,24.3,,6.0,70.0,55.0,994.5,22.2
2014-06-04 19:00,서울,6.4수,18:30,SK 와이번스,9,1,2,6,1,1,승,108,24.3,,6.0,70.0,55.0,994.5,22.2
2014-06-04 19:00,서울,6.4수,18:30,키움 히어로즈,8,1,0,6,0,1,패,108,24.3,,6.0,70.0,55.0,994.5,22.2
2014-06-04 19:00,서울,6.4수,18:30,NC 다이노스,23,7,0,7,1,0,승,108,24.3,,6.0,70.0,55.0,994.5,22.2
2014-06-05 19:00,대전,6.5목,18:30,한화 이글스,6,1,0,6,2,1,패,133,22.3,,1.6,20.0,73.0,996.0,20.9
2014-06-05 19:00,대전,6.5목,18:30,롯데 자이언츠,12,0,1,6,0,1,승,133,22.3,,1.6,20.0,73.0,996.0,20.9
2014-06-05 19:00,광주,6.5목,18:30,KIA 타이거즈,15,1,1,13,0,2,승,156,23.7,,2.7,70.0,60.0,994.6,23.9
2014-06-05 19:00,광주,6.5목,18:30,삼성 라이온즈,17,1,4,6,0,2,패,156,23.7,,2.7,70.0,60.0,994.6,23.9
2014-06-05 19:00,서울,6.5목,18:30,두산 베어스,4,0,0,7,2,1,패,108,23.8,,2.9,70.0,56.0,994.3,22.6
2014-06-05 19:00,서울,6.5목,18:30,SK 와이번스,10,1,1,8,0,0,승,108,23.8,,2.9,70.0,56.0,994.3,22.6
2014-06-05 19:00,서울,6.5목,18:30,키움 히어로즈,8,1,3,8,0,1,패,108,23.8,,2.9,70.0,56.0,994.3,22.6
2014-06-05 19:00,서울,6.5목,18:30,NC 다이노스,11,2,4,5,0,1,승,108,23.8,,2.9,70.0,56.0,994.3,22.6
2014-06-06 17:00,광주,6.6금,17:00,KIA 타이거즈,13,0,2,7,1,1,승,156,24.7,,2.6,270.0,55.0,995.7,26.3
2014-06-06 17:00,광주,6.6금,17:00,LG 트윈스,6,0,3,9,0,0,패,156,24.7,,2.6,270.0,55.0,995.7,26.3
2014-06-06 17:00,부산,6.6금,17:00,롯데 자이언츠,8,2,0,8,0,1,패,159,22.4,,3.2,110.0,66.0,996.4,26.5
2014-06-06 17:00,부산,6.6금,17:00,SK 와이번스,14,1,2,6,1,1,승,159,22.4,,3.2,110.0,66.0,996.4,26.5
2014-06-06 17:00,서울,6.6금,17:00,두산 베어스,15,1,0,2,2,0,패,108,30.5,,3.5,250.0,43.0,992.8,34.3
2014-06-06 17:00,서울,6.6금,17:00,키움 히어로즈,20,7,0,5,0,1,승,108,30.5,,3.5,250.0,43.0,992.8,34.3
2014-06-06 17:00,대구,6.6금,17:00,삼성 라이온즈,6,0,2,2,0,1,패,143,26.3,,3.1,90.0,41.0,997.4,36.0
2014-06-06 17:00,대구,6.6금,17:00,한화 이글스,13,3,0,4,0,2,승,143,26.3,,3.1,90.0,41.0,997.4,36.0
2014-06-07 17:00,광주,6.7토,17:00,KIA 타이거즈,11,3,1,3,0,0,승,156,24.9,,1.9,290.0,58.0,995.6,28.9
2014-06-07 17:00,광주,6.7토,17:00,LG 트윈스,5,0,0,3,1,0,패,156,24.9,,1.9,290.0,58.0,995.6,28.9
2014-06-07 17:00,부산,6.7토,17:00,롯데 자이언츠,10,1,1,7,0,1,승,159,20.6,,4.2,90.0,78.0,996.9,26.1
2014-06-07 17:00,부산,6.7토,17:00,SK 와이번스,9,0,0,10,0,0,패,159,20.6,,4.2,90.0,78.0,996.9,26.1
2014-06-07 17:00,서울,6.7토,17:00,두산 베어스,10,3,1,7,1,1,패,108,25.4,,4.4,290.0,56.0,993.7,30.7
2014-06-07 17:00,서울,6.7토,17:00,키움 히어로즈,13,4,2,7,0,1,승,108,25.4,,4.4,290.0,56.0,993.7,30.7
2014-06-07 17:00,대구,6.7토,17:00,삼성 라이온즈,11,1,0,2,0,0,승,143,24.7,,4.8,140.0,51.0,996.9,37.0
2014-06-07 17:00,대구,6.7토,17:00,한화 이글스,8,2,0,4,2,2,패,143,24.7,,4.8,140.0,51.0,996.9,37.0
2014-06-08 17:00,광주,6.8일,17:00,KIA 타이거즈,10,0,0,6,0,0,패,156,24.7,,2.9,290.0,59.0,998.0,34.0
2014-06-08 17:00,광주,6.8일,17:00,LG 트윈스,21,2,0,8,1,1,승,156,24.7,,2.9,290.0,59.0,998.0,34.0
2014-06-08 17:00,부산,6.8일,17:00,롯데 자이언츠,6,1,0,8,1,0,승,159,20.4,,3.1,110.0,84.0,999.4,25.1
2014-06-08 17:00,부산,6.8일,17:00,SK 와이번스,7,0,0,8,1,1,패,159,20.4,,3.1,110.0,84.0,999.4,25.1
2014-06-08 17:00,서울,6.8일,17:00,두산 베어스,16,4,1,8,1,0,승,108,22.6,,3.3,290.0,71.0,996.1,28.0
2014-06-08 17:00,서울,6.8일,17:00,키움 히어로즈,12,1,2,8,0,2,패,108,22.6,,3.3,290.0,71.0,996.1,28.0
2014-06-08 17:00,대구,6.8일,17:00,삼성 라이온즈,13,0,0,1,1,0,승,143,25.4,,2.1,110.0,55.0,999.5,34.4
2014-06-08 17:00,대구,6.8일,17:00,한화 이글스,12,1,0,8,0,1,패,143,25.4,,2.1,110.0,55.0,999.5,34.4
2014-06-10 19:00,대전,6.10화,18:30,한화 이글스,17,1,1,9,0,0,승,133,24.0,,4.0,110.0,70.0,1000.0,23.7
2014-06-10 19:00,대전,6.10화,18:30,KIA 타이거즈,20,3,2,4,0,2,패,133,24.0,,4.0,110.0,70.0,1000.0,23.7
2014-06-10 19:00,서울,6.10화,18:30,LG 트윈스,9,0,2,7,0,1,승,108,24.0,,1.2,50.0,77.0,997.7,23.9
2014-06-10 19:00,서울,6.10화,18:30,롯데 자이언츠,6,2,0,10,0,1,패,108,24.0,,1.2,50.0,77.0,997.7,23.9
2014-06-10 19:00,창원,6.10화,18:30,NC 다이노스,13,1,2,6,1,0,승,155,22.6,,1.3,160.0,74.0,1004.0,23.7
2014-06-10 19:00,창원,6.10화,18:30,두산 베어스,11,0,0,6,1,3,패,155,22.6,,1.3,160.0,74.0,1004.0,23.7
2014-06-10 19:00,대구,6.10화,18:30,삼성 라이온즈,11,1,1,2,1,1,무,143,21.9,,2.9,90.0,68.0,1002.7,24.5
2014-06-10 19:00,대구,6.10화,18:30,키움 히어로즈,7,3,0,7,0,0,무,143,21.9,,2.9,90.0,68.0,1002.7,24.5
2014-06-11 19:00,대전,6.11수,18:30,한화 이글스,7,0,0,5,1,0,패,133,24.0,,1.3,360.0,65.0,995.4,23.2
2014-06-11 19:00,대전,6.11수,18:30,KIA 타이거즈,12,1,0,5,1,0,승,133,24.0,,1.3,360.0,65.0,995.4,23.2
2014-06-11 19:00,서울,6.11수,18:30,LG 트윈스,8,0,1,6,1,0,패,108,18.5,0.5,0.9,360.0,94.0,994.2,20.2
2014-06-11 19:00,서울,6.11수,18:30,롯데 자이언츠,7,1,0,9,1,0,승,108,18.5,0.5,0.9,360.0,94.0,994.2,20.2
2014-06-12 19:00,대전,6.12목,18:30,한화 이글스,13,0,0,10,1,0,패,133,18.3,,2.1,230.0,95.0,993.8,20.3
2014-06-12 19:00,대전,6.12목,18:30,KIA 타이거즈,17,2,2,6,0,2,승,133,18.3,,2.1,230.0,95.0,993.8,20.3
2014-06-12 19:00,창원,6.12목,18:30,NC 다이노스,10,0,2,6,1,2,패,155,18.4,5.0,1.7,160.0,89.0,998.3,19.6
2014-06-12 19:00,창원,6.12목,18:30,두산 베어스,9,0,0,5,1,2,승,155,18.4,5.0,1.7,160.0,89.0,998.3,19.6
2014-06-12 19:00,대구,6.12목,18:30,삼성 라이온즈,11,1,0,7,0,1,패,143,20.6,,2.5,110.0,74.0,995.5,20.4
2014-06-12 19:00,대구,6.12목,18:30,키움 히어로즈,13,0,2,8,0,0,승,143,20.6,,2.5,110.0,74.0,995.5,20.4
2014-06-13 19:00,대전,6.13금,18:30,한화 이글스,12,1,0,10,0,0,승,133,23.0,,1.0,270.0,79.0,996.7,22.2
2014-06-13 19:00,대전,6.13금,18:30,NC 다이노스,4,0,1,6,3,1,패,133,23.0,,1.0,270.0,79.0,996.7,22.2
2014-06-13 19:00,광주,6.13금,18:30,KIA 타이거즈,7,1,0,3,2,1,패,156,23.8,,1.7,290.0,58.0,997.3,23.5
2014-06-13 19:00,광주,6.13금,18:30,롯데 자이언츠,11,2,0,3,3,1,승,156,23.8,,1.7,290.0,58.0,997.3,23.5
2014-06-13 19:00,서울,6.13금,18:30,두산 베어스,9,1,0,7,1,0,승,108,23.9,,3.5,250.0,73.0,994.0,23.0
2014-06-13 19:00,서울,6.13금,18:30,삼성 라이온즈,8,3,1,12,1,1,패,108,23.9,,3.5,250.0,73.0,994.0,23.0
2014-06-13 19:00,인천,6.13금,18:30,SK 와이번스,13,0,1,7,2,0,패,112,20.6,,2.3,250.0,98.0,996.2,22.7
2014-06-13 19:00,인천,6.13금,18:30,LG 트윈스,12,3,1,8,0,0,승,112,20.6,,2.3,250.0,98.0,996.2,22.7
2014-06-14 17:00,대전,6.14토,17:00,한화 이글스,9,0,0,8,1,0,패,133,26.9,,2.0,200.0,56.0,998.1,31.4
2014-06-14 17:00,대전,6.14토,17:00,NC 다이노스,18,2,2,7,2,0,승,133,26.9,,2.0,200.0,56.0,998.1,31.4
2014-06-14 17:00,광주,6.14토,17:00,KIA 타이거즈,11,1,1,10,1,0,패,156,26.5,,2.3,290.0,40.0,998.6,27.9
2014-06-14 17:00,광주,6.14토,17:00,롯데 자이언츠,10,2,0,4,0,0,승,156,26.5,,2.3,290.0,40.0,998.6,27.9
2014-06-14 17:00,서울,6.14토,17:00,두산 베어스,11,0,1,7,0,0,패,108,27.1,,4.2,290.0,55.0,995.9,30.7
2014-06-14 17:00,서울,6.14토,17:00,삼성 라이온즈,13,1,2,6,0,2,승,108,27.1,,4.2,290.0,55.0,995.9,30.7
2014-06-14 17:00,인천,6.14토,17:00,SK 와이번스,9,0,2,5,0,2,승,112,23.8,,3.9,270.0,74.0,998.4,29.3
2014-06-14 17:00,인천,6.14토,17:00,LG 트윈스,5,0,2,5,2,1,패,112,23.8,,3.9,270.0,74.0,998.4,29.3
2014-06-15 17:00,대전,6.15일,17:00,한화 이글스,7,0,0,3,3,1,패,133,27.9,,2.4,320.0,52.0,997.8,33.0
2014-06-15 17:00,대전,6.15일,17:00,NC 다이노스,17,2,1,5,0,0,승,133,27.9,,2.4,320.0,52.0,997.8,33.0
2014-06-15 17:00,광주,6.15일,17:00,KIA 타이거즈,11,1,0,9,1,0,승,156,27.7,,1.6,20.0,42.0,997.5,31.8
2014-06-15 17:00,광주,6.15일,17:00,롯데 자이언츠,9,1,0,7,2,1,패,156,27.7,,1.6,20.0,42.0,997.5,31.8
2014-06-15 17:00,서울,6.15일,17:00,두산 베어스,9,1,1,5,0,0,패,108,27.8,,5.1,270.0,50.0,995.4,32.6
2014-06-15 17:00,서울,6.15일,17:00,삼성 라이온즈,8,1,1,4,1,0,승,108,27.8,,5.1,270.0,50.0,995.4,32.6
2014-06-15 17:00,인천,6.15일,17:00,SK 와이번스,11,0,0,11,1,0,패,112,23.3,,4.5,270.0,79.0,997.7,29.1
2014-06-15 17:00,인천,6.15일,17:00,LG 트윈스,14,2,0,7,1,1,승,112,23.3,,4.5,270.0,79.0,997.7,29.1
2014-06-17 19:00,서울,6.17화,18:30,LG 트윈스,8,0,3,10,0,0,패,108,25.6,,3.0,290.0,70.0,993.5,28.2
2014-06-17 19:00,서울,6.17화,18:30,두산 베어스,7,2,0,6,0,0,승,108,25.6,,3.0,290.0,70.0,993.5,28.2
2014-06-17 19:00,서울,6.17화,18:30,키움 히어로즈,11,2,3,5,2,1,승,108,25.6,,3.0,290.0,70.0,993.5,28.2
2014-06-17 19:00,서울,6.17화,18:30,KIA 타이거즈,8,1,2,12,0,2,패,108,25.6,,3.0,290.0,70.0,993.5,28.2
2014-06-17 19:00,부산,6.17화,18:30,롯데 자이언츠,11,0,0,7,1,2,패,159,20.6,,1.4,70.0,73.0,996.5,21.5
2014-06-17 19:00,부산,6.17화,18:30,NC 다이노스,13,0,0,5,2,0,승,159,20.6,,1.4,70.0,73.0,996.5,21.5
2014-06-17 19:00,대구,6.17화,18:30,삼성 라이온즈,12,5,1,6,0,0,승,143,25.1,,3.4,90.0,37.0,997.9,25.3
2014-06-17 19:00,대구,6.17화,18:30,SK 와이번스,11,1,2,10,0,1,패,143,25.1,,3.4,90.0,37.0,997.9,25.3
2014-06-18 19:00,서울,6.18수,18:30,LG 트윈스,12,1,1,5,0,1,승,108,25.5,,4.3,270.0,65.0,993.4,26.4
2014-06-18 19:00,서울,6.18수,18:30,두산 베어스,12,1,2,5,1,2,패,108,25.5,,4.3,270.0,65.0,993.4,26.4
2014-06-18 19:00,서울,6.18수,18:30,키움 히어로즈,13,2,2,5,1,0,승,108,25.5,,4.3,270.0,65.0,993.4,26.4
2014-06-18 19:00,서울,6.18수,18:30,KIA 타이거즈,12,0,2,9,3,0,패,108,25.5,,4.3,270.0,65.0,993.4,26.4
2014-06-18 19:00,부산,6.18수,18:30,롯데 자이언츠,9,0,0,5,3,2,패,159,21.9,,3.1,70.0,75.0,996.6,22.4
2014-06-18 19:00,부산,6.18수,18:30,NC 다이노스,9,0,2,7,0,0,승,159,21.9,,3.1,70.0,75.0,996.6,22.4
2014-06-18 19:00,대구,6.18수,18:30,삼성 라이온즈,10,2,0,4,4,0,승,143,27.3,,3.0,110.0,39.0,997.0,30.6
2014-06-18 19:00,대구,6.18수,18:30,SK 와이번스,14,1,0,14,1,1,패,143,27.3,,3.0,110.0,39.0,997.0,30.6
2014-06-19 19:00,서울,6.19목,18:30,LG 트윈스,16,5,1,4,0,0,승,108,23.0,,4.4,230.0,79.0,995.9,24.4
2014-06-19 19:00,서울,6.19목,18:30,두산 베어스,8,0,2,7,0,0,패,108,23.0,,4.4,230.0,79.0,995.9,24.4
2014-06-19 19:00,서울,6.19목,18:30,키움 히어로즈,8,1,0,11,1,0,패,108,23.0,,4.4,230.0,79.0,995.9,24.4
2014-06-19 19:00,서울,6.19목,18:30,KIA 타이거즈,6,1,3,3,2,0,승,108,23.0,,4.4,230.0,79.0,995.9,24.4
2014-06-19 19:00,부산,6.19목,18:30,롯데 자이언츠,9,1,1,10,3,1,승,159,24.3,,4.4,250.0,54.0,997.5,25.4
2014-06-19 19:00,부산,6.19목,18:30,NC 다이노스,10,0,2,6,1,2,패,159,24.3,,4.4,250.0,54.0,997.5,25.4
2014-06-19 19:00,대구,6.19목,18:30,삼성 라이온즈,12,2,2,6,1,2,승,143,28.6,,2.6,340.0,40.0,997.6,30.7
2014-06-19 19:00,대구,6.19목,18:30,SK 와이번스,8,0,1,5,1,2,패,143,28.6,,2.6,340.0,40.0,997.6,30.7
2014-06-20 19:00,광주,6.20금,18:30,KIA 타이거즈,12,1,0,9,1,1,승,156,24.6,,3.2,180.0,59.0,999.0,26.7
2014-06-20 19:00,광주,6.20금,18:30,두산 베어스,3,0,2,6,0,1,패,156,24.6,,3.2,180.0,59.0,999.0,26.7
2014-06-20 19:00,인천,6.20금,18:30,SK 와이번스,10,1,1,4,2,0,패,112,23.9,,2.6,360.0,95.0,999.2,24.3
2014-06-20 19:00,인천,6.20금,18:30,키움 히어로즈,7,2,1,9,0,0,승,112,23.9,,2.6,360.0,95.0,999.2,24.3
2014-06-20 19:00,대구,6.20금,18:30,삼성 라이온즈,16,4,1,9,0,1,승,143,22.4,,4.6,110.0,66.0,1002.9,24.6
2014-06-20 19:00,대구,6.20금,18:30,NC 다이노스,9,1,0,5,0,1,패,143,22.4,,4.6,110.0,66.0,1002.9,24.6
2014-06-21 17:00,광주,6.21토,17:00,KIA 타이거즈,6,1,0,2,0,1,승,156,22.1,0.0,2.2,50.0,82.0,997.5,25.2
2014-06-21 17:00,광주,6.21토,17:00,두산 베어스,4,0,2,4,0,0,패,156,22.1,0.0,2.2,50.0,82.0,997.5,25.2
2014-06-21 17:00,서울,6.21토,17:00,LG 트윈스,10,1,1,7,0,0,패,108,27.9,,0.9,340.0,59.0,996.2,28.0
2014-06-21 17:00,서울,6.21토,17:00,한화 이글스,7,1,0,4,0,0,승,108,27.9,,0.9,340.0,59.0,996.2,28.0
2014-06-21 17:00,인천,6.21토,17:00,SK 와이번스,9,2,2,10,2,1,패,112,25.6,,2.6,270.0,74.0,998.1,26.1
2014-06-21 17:00,인천,6.21토,17:00,키움 히어로즈,7,1,0,4,0,0,승,112,25.6,,2.6,270.0,74.0,998.1,26.1
2014-06-22 17:00,광주,6.22일,17:00,KIA 타이거즈,5,0,0,5,0,0,승,156,26.6,,2.9,250.0,58.0,997.9,36.5
2014-06-22 17:00,광주,6.22일,17:00,두산 베어스,2,0,0,2,0,0,패,156,26.6,,2.9,250.0,58.0,997.9,36.5
2014-06-22 17:00,서울,6.22일,17:00,LG 트윈스,10,2,0,2,1,0,승,108,28.6,,3.0,320.0,57.0,995.2,29.8
2014-06-22 17:00,서울,6.22일,17:00,한화 이글스,16,1,0,6,0,0,패,108,28.6,,3.0,320.0,57.0,995.2,29.8
2014-06-22 17:00,인천,6.22일,17:00,SK 와이번스,11,3,0,4,1,0,패,112,26.5,,3.9,290.0,68.0,997.3,32.1
2014-06-22 17:00,인천,6.22일,17:00,키움 히어로즈,16,1,0,3,1,0,승,112,26.5,,3.9,290.0,68.0,997.3,32.1
2014-06-22 17:00,대구,6.22일,17:00,삼성 라이온즈,5,2,1,3,1,0,승,143,25.5,,3.0,110.0,49.0,1000.1,38.0
2014-06-22 17:00,대구,6.22일,17:00,NC 다이노스,5,0,1,8,0,1,패,143,25.5,,3.0,110.0,49.0,1000.1,38.0
2014-06-23 19:00,서울,6.23월,18:30,LG 트윈스,9,1,0,5,1,0,승,108,21.1,,1.8,360.0,87.0,994.9,22.1
2014-06-23 19:00,서울,6.23월,18:30,한화 이글스,4,0,0,3,2,1,패,108,21.1,,1.8,360.0,87.0,994.9,22.1
2014-06-24 19:00,부산,6.24화,18:30,롯데 자이언츠,10,2,0,4,1,0,패,159,22.5,,2.3,200.0,82.0,998.3,25.0
2014-06-24 19:00,부산,6.24화,18:30,한화 이글스,11,1,0,5,2,1,승,159,22.5,,2.3,200.0,82.0,998.3,25.0
2014-06-24 19:00,창원,6.24화,18:30,NC 다이노스,7,1,1,8,0,0,승,155,22.5,,0.7,200.0,82.0,1001.8,24.5
2014-06-24 19:00,창원,6.24화,18:30,LG 트윈스,0,0,0,7,1,1,패,155,22.5,,0.7,200.0,82.0,1001.8,24.5
2014-06-24 19:00,인천,6.24화,18:30,SK 와이번스,13,1,6,7,0,0,승,112,23.5,,2.8,320.0,83.0,997.7,26.3
2014-06-24 19:00,인천,6.24화,18:30,KIA 타이거즈,11,1,0,6,0,0,패,112,23.5,,2.8,320.0,83.0,997.7,26.3
2014-06-24 19:00,서울,6.24화,18:30,키움 히어로즈,8,0,1,9,0,1,승,108,25.6,,2.9,270.0,57.0,995.5,24.0
2014-06-24 19:00,서울,6.24화,18:30,삼성 라이온즈,11,0,2,2,0,1,패,108,25.6,,2.9,270.0,57.0,995.5,24.0
2014-06-25 19:00,부산,6.25수,18:30,롯데 자이언츠,16,1,1,3,0,0,승,159,21.9,,3.6,200.0,91.0,1000.5,25.3
2014-06-25 19:00,부산,6.25수,18:30,한화 이글스,10,0,0,8,1,2,패,159,21.9,,3.6,200.0,91.0,1000.5,25.3
2014-06-25 19:00,창원,6.25수,18:30,NC 다이노스,5,2,0,8,0,0,승,155,24.0,,1.4,180.0,71.0,1003.7,25.0
2014-06-25 19:00,창원,6.25수,18:30,LG 트윈스,4,0,2,11,0,1,패,155,24.0,,1.4,180.0,71.0,1003.7,25.0
2014-06-25 19:00,인천,6.25수,18:30,SK 와이번스,10,2,0,9,0,2,패,112,23.5,,3.2,340.0,90.0,999.3,26.6
2014-06-25 19:00,인천,6.25수,18:30,KIA 타이거즈,11,0,2,3,2,0,승,112,23.5,,3.2,340.0,90.0,999.3,26.6
2014-06-25 19:00,서울,6.25수,18:30,키움 히어로즈,5,2,0,7,2,6,패,108,25.2,,4.1,250.0,61.0,997.3,25.0
2014-06-25 19:00,서울,6.25수,18:30,삼성 라이온즈,20,1,1,4,1,0,승,108,25.2,,4.1,250.0,61.0,997.3,25.0
2014-06-26 19:00,부산,6.26목,18:30,롯데 자이언츠,17,1,0,10,1,0,승,159,22.9,,2.4,200.0,86.0,999.1,27.1
2014-06-26 19:00,부산,6.26목,18:30,한화 이글스,16,1,1,7,2,2,패,159,22.9,,2.4,200.0,86.0,999.1,27.1
2014-06-26 19:00,창원,6.26목,18:30,NC 다이노스,4,0,1,4,2,1,패,155,24.7,,1.9,180.0,63.0,1002.3,25.6
2014-06-26 19:00,창원,6.26목,18:30,LG 트윈스,7,0,1,4,0,2,승,155,24.7,,1.9,180.0,63.0,1002.3,25.6
2014-06-26 19:00,인천,6.26목,18:30,SK 와이번스,9,0,2,5,2,2,패,112,23.8,,3.9,340.0,85.0,998.1,27.5
2014-06-26 19:00,인천,6.26목,18:30,KIA 타이거즈,12,1,0,6,1,0,승,112,23.8,,3.9,340.0,85.0,998.1,27.5
2014-06-26 19:00,서울,6.26목,18:30,키움 히어로즈,21,5,2,10,0,1,승,108,26.6,,3.7,270.0,60.0,996.0,28.4
2014-06-26 19:00,서울,6.26목,18:30,삼성 라이온즈,12,2,2,7,2,0,패,108,26.6,,3.7,270.0,60.0,996.0,28.4
2014-06-27 19:00,대전,6.27금,18:30,한화 이글스,9,1,1,5,1,0,승,133,28.3,,3.5,320.0,62.0,995.0,30.6
2014-06-27 19:00,대전,6.27금,18:30,삼성 라이온즈,6,2,1,6,0,1,패,133,28.3,,3.5,320.0,62.0,995.0,30.6
2014-06-27 19:00,서울,6.27금,18:30,LG 트윈스,10,1,0,7,0,1,패,108,24.4,,5.1,270.0,71.0,993.8,27.6
2014-06-27 19:00,서울,6.27금,18:30,SK 와이번스,10,2,0,5,1,0,승,108,24.4,,5.1,270.0,71.0,993.8,27.6
2014-06-27 19:00,서울,6.27금,18:30,키움 히어로즈,8,1,0,8,2,1,패,108,24.4,,5.1,270.0,71.0,993.8,27.6
2014-06-27 19:00,서울,6.27금,18:30,두산 베어스,13,1,0,2,0,0,승,108,24.4,,5.1,270.0,71.0,993.8,27.6
2014-06-27 19:00,창원,6.27금,18:30,NC 다이노스,14,2,1,7,1,0,패,155,23.9,,3.3,180.0,69.0,999.4,26.1
2014-06-27 19:00,창원,6.27금,18:30,롯데 자이언츠,15,2,1,8,0,0,승,155,23.9,,3.3,180.0,69.0,999.4,26.1
2014-06-28 17:00,대전,6.28토,17:00,한화 이글스,12,0,0,6,1,1,패,133,27.6,,3.1,200.0,65.0,993.6,35.0
2014-06-28 17:00,대전,6.28토,17:00,삼성 라이온즈,17,3,1,4,0,0,승,133,27.6,,3.1,200.0,65.0,993.6,35.0
2014-06-28 17:00,서울,6.28토,17:00,LG 트윈스,6,0,0,6,4,1,패,108,26.7,,5.0,270.0,48.0,991.4,34.4
2014-06-28 17:00,서울,6.28토,17:00,SK 와이번스,10,0,1,9,0,1,승,108,26.7,,5.0,270.0,48.0,991.4,34.4
2014-06-28 17:00,서울,6.28토,17:00,키움 히어로즈,14,0,0,10,0,1,승,108,26.7,,5.0,270.0,48.0,991.4,34.4
2014-06-28 17:00,서울,6.28토,17:00,두산 베어스,9,0,4,4,2,0,패,108,26.7,,5.0,270.0,48.0,991.4,34.4
2014-06-28 17:00,창원,6.28토,17:00,NC 다이노스,8,1,1,1,2,0,패,155,28.2,,2.8,230.0,54.0,996.2,38.9
2014-06-28 17:00,창원,6.28토,17:00,롯데 자이언츠,9,0,0,3,0,0,승,155,28.2,,2.8,230.0,54.0,996.2,38.9
2014-06-29 17:00,대전,6.29일,17:00,한화 이글스,10,2,0,5,2,1,패,133,28.3,,1.6,290.0,58.0,996.5,37.5
2014-06-29 17:00,대전,6.29일,17:00,삼성 라이온즈,13,3,0,4,1,1,승,133,28.3,,1.6,290.0,58.0,996.5,37.5
2014-06-29 17:00,서울,6.29일,17:00,LG 트윈스,15,3,0,7,1,0,승,108,29.8,,2.2,230.0,48.0,994.1,39.1
2014-06-29 17:00,서울,6.29일,17:00,SK 와이번스,10,1,1,8,1,2,패,108,29.8,,2.2,230.0,48.0,994.1,39.1
2014-06-29 17:00,서울,6.29일,17:00,키움 히어로즈,13,0,1,3,3,0,승,108,29.8,,2.2,230.0,48.0,994.1,39.1
2014-06-29 17:00,서울,6.29일,17:00,두산 베어스,4,0,1,6,1,0,패,108,29.8,,2.2,230.0,48.0,994.1,39.1
2014-06-29 17:00,창원,6.29일,17:00,NC 다이노스,7,0,0,5,1,2,패,155,26.6,,2.9,230.0,56.0,1000.2,33.7
2014-06-29 17:00,창원,6.29일,17:00,롯데 자이언츠,10,2,0,8,0,2,승,155,26.6,,2.9,230.0,56.0,1000.2,33.7
2014-08-01 19:00,창원,8.1금,18:30,NC 다이노스,10,1,0,10,0,0,패,155,28.8,0.1,3.9,110.0,65.0,1001.7,26.9
2014-08-01 19:00,창원,8.1금,18:30,SK 와이번스,18,2,0,6,0,0,승,155,28.8,0.1,3.9,110.0,65.0,1001.7,26.9
2014-08-01 19:00,서울,8.1금,18:30,두산 베어스,9,0,3,6,0,1,패,108,32.5,,2.6,50.0,51.0,995.9,32.0
2014-08-01 19:00,서울,8.1금,18:30,한화 이글스,14,1,1,8,2,0,승,108,32.5,,2.6,50.0,51.0,995.9,32.0
2014-08-01 19:00,서울,8.1금,18:30,키움 히어로즈,5,0,0,5,2,1,패,108,32.5,,2.6,50.0,51.0,995.9,32.0
2014-08-01 19:00,서울,8.1금,18:30,LG 트윈스,8,2,1,7,1,0,승,108,32.5,,2.6,50.0,51.0,995.9,32.0
2014-08-01 19:00,대구,8.1금,18:30,삼성 라이온즈,12,1,4,5,0,1,승,143,29.3,,3.8,90.0,67.0,999.5,27.0
2014-08-01 19:00,대구,8.1금,18:30,KIA 타이거즈,14,0,1,7,1,1,패,143,29.3,,3.8,90.0,67.0,999.5,27.0
2014-08-02 18:00,창원,8.2토,18:00,NC 다이노스,5,0,0,9,0,1,패,155,26.3,1.0,5.5,140.0,78.0,996.5,24.4
2014-08-02 18:00,창원,8.2토,18:00,SK 와이번스,15,2,0,6,1,1,승,155,26.3,1.0,5.5,140.0,78.0,996.5,24.4
2014-08-02 18:00,서울,8.2토,18:00,키움 히어로즈,8,1,0,6,2,0,승,108,32.5,,4.8,70.0,55.0,990.5,35.1
2014-08-02 18:00,서울,8.2토,18:00,LG 트윈스,6,0,0,6,2,1,패,108,32.5,,4.8,70.0,55.0,990.5,35.1
2014-08-03 18:00,서울,8.3일,18:00,두산 베어스,6,1,0,8,0,0,패,108,26.1,1.5,3.3,50.0,100.0,986.3,27.3
2014-08-03 18:00,서울,8.3일,18:00,한화 이글스,10,1,1,7,1,0,승,108,26.1,1.5,3.3,50.0,100.0,986.3,27.3
2014-08-04 19:00,서울,8.4월,18:30,키움 히어로즈,8,2,0,9,1,2,패,108,28.7,,2.3,270.0,87.0,989.5,28.6
2014-08-04 19:00,서울,8.4월,18:30,LG 트윈스,6,0,0,9,3,0,승,108,28.7,,2.3,270.0,87.0,989.5,28.6
2014-08-05 19:00,광주,8.5화,18:30,KIA 타이거즈,8,1,1,5,0,0,패,156,29.5,,1.2,340.0,59.0,997.4,28.7
2014-08-05 19:00,광주,8.5화,18:30,두산 베어스,11,0,0,5,1,0,승,156,29.5,,1.2,340.0,59.0,997.4,28.7
2014-08-05 19:00,창원,8.5화,18:30,NC 다이노스,5,1,0,6,0,0,승,155,28.5,,1.3,200.0,79.0,1000.4,29.8
2014-08-05 19:00,창원,8.5화,18:30,롯데 자이언츠,8,0,0,11,0,1,패,155,28.5,,1.3,200.0,79.0,1000.4,29.8
2014-08-05 19:00,인천,8.5화,18:30,SK 와이번스,9,2,0,7,2,0,패,112,26.0,,2.6,250.0,99.0,996.4,26.6
2014-08-05 19:00,인천,8.5화,18:30,키움 히어로즈,7,3,0,6,0,0,승,112,26.0,,2.6,250.0,99.0,996.4,26.6
2014-08-05 19:00,대구,8.5화,18:30,삼성 라이온즈,19,5,1,8,1,0,승,143,31.2,,1.9,320.0,64.0,997.5,28.6
2014-08-05 19:00,대구,8.5화,18:30,한화 이글스,9,0,0,12,0,0,패,143,31.2,,1.9,320.0,64.0,997.5,28.6
2014-08-06 19:00,창원,8.6수,18:30,NC 다이노스,12,0,3,11,0,0,패,155,27.5,,1.1,250.0,78.0,1000.8,28.6
2014-08-06 19:00,창원,8.6수,18:30,롯데 자이언츠,15,3,0,3,3,1,승,155,27.5,,1.1,250.0,78.0,1000.8,28.6
2014-08-06 19:00,대구,8.6수,18:30,삼성 라이온즈,11,1,3,12,0,1,패,143,28.2,0.4,2.1,20.0,88.0,997.8,28.0
2014-08-06 19:00,대구,8.6수,18:30,한화 이글스,8,3,0,9,0,1,승,143,28.2,0.4,2.1,20.0,88.0,997.8,28.0
2014-08-07 19:00,광주,8.7목,18:30,KIA 타이거즈,9,0,2,8,1,1,패,156,22.8,0.0,0.2,0.0,90.0,996.9,25.0
2014-08-07 19:00,광주,8.7목,18:30,SK 와이번스,9,1,1,11,0,2,승,156,22.8,0.0,0.2,0.0,90.0,996.9,25.0
2014-08-07 19:00,서울,8.7목,18:30,LG 트윈스,12,2,1,13,0,3,승,108,26.6,,2.3,250.0,83.0,996.4,26.8
2014-08-07 19:00,서울,8.7목,18:30,NC 다이노스,14,2,1,4,2,2,패,108,26.6,,2.3,250.0,83.0,996.4,26.8
2014-08-07 19:00,서울,8.7목,18:30,키움 히어로즈,11,3,0,11,0,0,승,108,26.6,,2.3,250.0,83.0,996.4,26.8
2014-08-07 19:00,서울,8.7목,18:30,두산 베어스,10,1,1,7,1,0,패,108,26.6,,2.3,250.0,83.0,996.4,26.8
2014-08-08 19:00,광주,8.8금,18:30,KIA 타이거즈,9,0,2,8,0,0,승,156,25.1,,4.7,70.0,72.0,997.5,25.9
2014-08-08 19:00,광주,8.8금,18:30,SK 와이번스,6,0,1,10,1,0,패,156,25.1,,4.7,70.0,72.0,997.5,25.9
2014-08-08 19:00,서울,8.8금,18:30,LG 트윈스,12,2,1,6,0,1,승,108,28.4,,6.0,70.0,51.0,997.8,25.2
2014-08-08 19:00,서울,8.8금,18:30,NC 다이노스,13,1,0,6,1,1,패,108,28.4,,6.0,70.0,51.0,997.8,25.2
2014-08-08 19:00,서울,8.8금,18:30,키움 히어로즈,21,3,0,7,2,0,승,108,28.4,,6.0,70.0,51.0,997.8,25.2
2014-08-08 19:00,서울,8.8금,18:30,두산 베어스,18,0,0,8,1,1,패,108,28.4,,6.0,70.0,51.0,997.8,25.2
2014-08-08 19:00,부산,8.8금,18:30,롯데 자이언츠,12,3,0,8,0,1,패,159,22.9,0.0,2.9,50.0,94.0,999.2,23.9
2014-08-08 19:00,부산,8.8금,18:30,삼성 라이온즈,18,2,0,5,1,1,승,159,22.9,0.0,2.9,50.0,94.0,999.2,23.9
2014-08-09 18:00,대전,8.9토,18:00,한화 이글스,5,0,0,3,0,0,승,133,27.3,,4.9,110.0,65.0,995.6,28.4
2014-08-09 18:00,대전,8.9토,18:00,LG 트윈스,7,0,0,5,1,0,패,133,27.3,,4.9,110.0,65.0,995.6,28.4
2014-08-09 18:00,부산,8.9토,18:00,롯데 자이언츠,9,0,1,8,0,0,패,159,25.9,,7.4,20.0,75.0,993.0,27.6
2014-08-09 18:00,부산,8.9토,18:00,KIA 타이거즈,9,2,0,7,2,0,승,159,25.9,,7.4,20.0,75.0,993.0,27.6
2014-08-09 18:00,인천,8.9토,18:00,SK 와이번스,14,2,0,6,0,0,승,112,29.3,,5.4,110.0,45.0,995.9,25.8
2014-08-09 18:00,인천,8.9토,18:00,NC 다이노스,11,2,1,6,2,1,패,112,29.3,,5.4,110.0,45.0,995.9,25.8
2014-08-09 18:00,대구,8.9토,18:00,삼성 라이온즈,13,0,0,8,0,0,승,143,26.7,,2.7,70.0,62.0,997.2,25.4
2014-08-09 18:00,대구,8.9토,18:00,키움 히어로즈,12,2,0,10,1,0,패,143,26.7,,2.7,70.0,62.0,997.2,25.4
2014-08-10 18:00,부산,8.10일,18:00,롯데 자이언츠,5,2,0,10,0,0,패,159,22.9,1.5,1.0,320.0,97.0,990.7,24.6
2014-08-10 18:00,부산,8.10일,18:00,KIA 타이거즈,8,1,1,7,0,0,승,159,22.9,1.5,1.0,320.0,97.0,990.7,24.6
2014-08-11 19:00,대전,8.11월,18:30,한화 이글스,9,1,1,4,4,2,승,133,26.3,,2.0,320.0,67.0,993.9,25.9
2014-08-11 19:00,대전,8.11월,18:30,LG 트윈스,7,0,0,7,2,1,패,133,26.3,,2.0,320.0,67.0,993.9,25.9
2014-08-11 19:00,인천,8.11월,18:30,SK 와이번스,8,0,0,9,1,0,패,112,23.9,,3.2,250.0,99.0,993.6,25.0
2014-08-11 19:00,인천,8.11월,18:30,NC 다이노스,13,2,1,7,0,0,승,112,23.9,,3.2,250.0,99.0,993.6,25.0
2014-08-11 19:00,대구,8.11월,18:30,삼성 라이온즈,11,2,1,10,1,0,승,143,27.6,,2.4,320.0,42.0,994.2,23.5
2014-08-11 19:00,대구,8.11월,18:30,키움 히어로즈,10,3,5,13,2,0,패,143,27.6,,2.4,320.0,42.0,994.2,23.5
2014-08-12 19:00,창원,8.12화,18:30,NC 다이노스,6,1,0,7,1,2,패,155,26.8,,1.4,250.0,60.0,1000.4,26.7
2014-08-12 19:00,창원,8.12화,18:30,KIA 타이거즈,4,1,0,2,0,0,승,155,26.8,,1.4,250.0,60.0,1000.4,26.7
2014-08-12 19:00,서울,8.12화,18:30,두산 베어스,14,2,2,7,4,3,승,108,27.1,,4.5,290.0,68.0,994.4,26.1
2014-08-12 19:00,서울,8.12화,18:30,한화 이글스,11,1,0,6,0,1,패,108,27.1,,4.5,290.0,68.0,994.4,26.1
2014-08-12 19:00,서울,8.12화,18:30,키움 히어로즈,15,1,0,7,1,0,승,108,27.1,,4.5,290.0,68.0,994.4,26.1
2014-08-12 19:00,서울,8.12화,18:30,롯데 자이언츠,9,0,0,5,1,1,패,108,27.1,,4.5,290.0,68.0,994.4,26.1
2014-08-12 19:00,인천,8.12화,18:30,SK 와이번스,12,0,1,4,3,0,승,112,24.8,,2.3,270.0,99.0,996.8,25.6
2014-08-12 19:00,인천,8.12화,18:30,LG 트윈스,7,0,0,4,1,1,패,112,24.8,,2.3,270.0,99.0,996.8,25.6
2014-08-13 19:00,창원,8.13수,18:30,NC 다이노스,7,1,1,10,0,0,승,155,25.1,,0.0,0.0,72.0,1004.2,25.0
2014-08-13 19:00,창원,8.13수,18:30,KIA 타이거즈,5,0,1,5,2,1,패,155,25.1,,0.0,0.0,72.0,1004.2,25.0
2014-08-13 19:00,인천,8.13수,18:30,SK 와이번스,11,0,2,9,0,1,승,112,22.8,0.0,2.1,200.0,91.0,1001.6,23.1
2014-08-13 19:00,인천,8.13수,18:30,LG 트윈스,6,1,0,4,1,0,패,112,22.8,0.0,2.1,200.0,91.0,1001.6,23.1
2014-08-13 19:00,서울,8.13수,18:30,키움 히어로즈,11,1,1,8,1,0,승,108,24.3,,2.1,230.0,63.0,999.6,23.5
2014-08-13 19:00,서울,8.13수,18:30,롯데 자이언츠,8,0,0,15,0,2,패,108,24.3,,2.1,230.0,63.0,999.6,23.5
2014-08-14 19:00,부산,8.14목,18:30,롯데 자이언츠,10,1,0,8,1,0,승,159,21.2,1.5,3.0,50.0,98.0,998.9,22.2
2014-08-14 19:00,부산,8.14목,18:30,한화 이글스,13,1,0,6,1,1,패,159,21.2,1.5,3.0,50.0,98.0,998.9,22.2
2014-08-14 19:00,서울,8.14목,18:30,두산 베어스,8,1,0,8,0,0,패,108,22.1,,2.0,50.0,81.0,998.6,22.1
2014-08-14 19:00,서울,8.14목,18:30,키움 히어로즈,13,3,0,10,1,0,승,108,22.1,,2.0,50.0,81.0,998.6,22.1
2014-08-14 19:00,대구,8.14목,18:30,삼성 라이온즈,12,0,1,8,2,0,승,143,21.4,1.5,0.5,270.0,96.0,1001.8,22.2
2014-08-14 19:00,대구,8.14목,18:30,SK 와이번스,8,0,0,8,2,0,패,143,21.4,1.5,0.5,270.0,96.0,1001.8,22.2
2014-08-15 18:00,부산,8.15금,18:00,롯데 자이언츠,12,1,0,8,4,4,패,159,24.5,,1.9,50.0,86.0,999.8,26.0
2014-08-15 18:00,부산,8.15금,18:00,한화 이글스,10,0,0,6,0,1,승,159,24.5,,1.9,50.0,86.0,999.8,26.0
2014-08-15 18:00,창원,8.15금,18:00,NC 다이노스,6,0,0,6,0,0,패,155,25.7,,0.9,70.0,80.0,1003.4,26.3
2014-08-15 18:00,창원,8.15금,18:00,LG 트윈스,9,0,0,3,1,0,승,155,25.7,,0.9,70.0,80.0,1003.4,26.3
2014-08-15 18:00,서울,8.15금,18:00,두산 베어스,6,1,0,6,2,0,패,108,28.8,,2.5,290.0,62.0,997.4,27.6
2014-08-15 18:00,서울,8.15금,18:00,키움 히어로즈,9,4,1,8,0,0,승,108,28.8,,2.5,290.0,62.0,997.4,27.6
2014-08-15 18:00,대구,8.15금,18:00,삼성 라이온즈,7,3,2,7,1,1,패,143,25.4,,3.8,140.0,78.0,1001.5,27.2
2014-08-15 18:00,대구,8.15금,18:00,SK 와이번스,13,3,2,7,0,1,승,143,25.4,,3.8,140.0,78.0,1001.5,27.2
2014-08-16 18:00,대전,8.16토,18:00,한화 이글스,8,1,1,8,1,0,패,133,28.0,,0.5,360.0,70.0,1001.4,29.0
2014-08-16 18:00,대전,8.16토,18:00,NC 다이노스,9,0,0,4,0,0,승,133,28.0,,0.5,360.0,70.0,1001.4,29.0
2014-08-16 18:00,서울,8.16토,18:00,LG 트윈스,9,2,0,8,0,2,패,108,28.9,,3.4,250.0,65.0,999.4,30.8
2014-08-16 18:00,서울,8.16토,18:00,삼성 라이온즈,16,1,2,5,0,0,승,108,28.9,,3.4,250.0,65.0,999.4,30.8
2014-08-16 18:00,서울,8.16토,18:00,키움 히어로즈,12,1,3,5,0,0,승,108,28.9,,3.4,250.0,65.0,999.4,30.8
2014-08-16 18:00,서울,8.16토,18:00,KIA 타이거즈,16,0,1,7,2,0,패,108,28.9,,3.4,250.0,65.0,999.4,30.8
2014-08-16 18:00,부산,8.16토,18:00,롯데 자이언츠,11,0,0,8,2,1,패,159,26.4,,2.1,90.0,75.0,1002.3,28.8
2014-08-16 18:00,부산,8.16토,18:00,두산 베어스,11,0,0,3,1,1,승,159,26.4,,2.1,90.0,75.0,1002.3,28.8
2014-08-17 18:00,대전,8.17일,18:00,한화 이글스,4,1,0,4,1,0,패,133,21.1,0.7,1.0,340.0,100.0,1004.1,22.8
2014-08-17 18:00,대전,8.17일,18:00,NC 다이노스,8,1,1,8,1,0,승,133,21.1,0.7,1.0,340.0,100.0,1004.1,22.8
2014-08-17 18:00,부산,8.17일,18:00,롯데 자이언츠,10,0,0,5,2,1,패,159,23.9,,3.5,70.0,72.0,1004.9,25.1
2014-08-17 18:00,부산,8.17일,18:00,두산 베어스,10,1,2,3,1,1,승,159,23.9,,3.5,70.0,72.0,1004.9,25.1
2014-08-19 19:00,대전,8.19화,18:30,한화 이글스,17,0,0,6,2,0,승,133,24.3,0.1,1.0,230.0,96.0,1002.4,24.7
2014-08-19 19:00,대전,8.19화,18:30,롯데 자이언츠,9,1,0,7,3,2,패,133,24.3,0.1,1.0,230.0,96.0,1002.4,24.7
2014-08-19 19:00,서울,8.19화,18:30,LG 트윈스,16,2,0,10,0,2,승,108,24.1,,1.1,340.0,92.0,1000.4,24.5
2014-08-19 19:00,서울,8.19화,18:30,키움 히어로즈,11,1,0,6,0,0,패,108,24.1,,1.1,340.0,92.0,1000.4,24.5
2014-08-19 19:00,서울,8.19화,18:30,두산 베어스,13,2,0,9,1,2,승,108,24.1,,1.1,340.0,92.0,1000.4,24.5
2014-08-19 19:00,서울,8.19화,18:30,SK 와이번스,16,0,1,9,1,0,패,108,24.1,,1.1,340.0,92.0,1000.4,24.5
2014-08-20 19:00,서울,8.20수,18:30,LG 트윈스,4,0,0,6,0,2,패,108,26.4,,1.7,320.0,78.0,999.5,25.7
2014-08-20 19:00,서울,8.20수,18:30,키움 히어로즈,7,0,2,6,0,1,승,108,26.4,,1.7,320.0,78.0,999.5,25.7
2014-08-20 19:00,서울,8.20수,18:30,두산 베어스,5,0,0,6,0,0,패,108,26.4,,1.7,320.0,78.0,999.5,25.7
2014-08-20 19:00,서울,8.20수,18:30,SK 와이번스,9,1,1,8,0,1,승,108,26.4,,1.7,320.0,78.0,999.5,25.7
2014-08-21 19:00,서울,8.21목,18:30,두산 베어스,9,0,1,6,0,1,패,108,23.0,0.5,3.9,360.0,92.0,997.3,23.3
2014-08-21 19:00,서울,8.21목,18:30,삼성 라이온즈,8,1,3,3,0,0,승,108,23.0,0.5,3.9,360.0,92.0,997.3,23.3
2014-08-21 19:00,서울,8.21목,18:30,키움 히어로즈,10,1,0,10,0,0,패,108,23.0,0.5,3.9,360.0,92.0,997.3,23.3
2014-08-21 19:00,서울,8.21목,18:30,NC 다이노스,8,1,1,3,1,0,승,108,23.0,0.5,3.9,360.0,92.0,997.3,23.3
2014-08-22 19:00,광주,8.22금,18:30,KIA 타이거즈,8,1,1,6,2,1,패,156,25.5,,1.9,320.0,68.0,1002.5,25.8
2014-08-22 19:00,광주,8.22금,18:30,LG 트윈스,9,0,0,8,1,1,승,156,25.5,,1.9,320.0,68.0,1002.5,25.8
2014-08-22 19:00,서울,8.22금,18:30,두산 베어스,14,1,0,9,1,0,승,108,25.5,,3.9,270.0,77.0,999.8,24.8
2014-08-22 19:00,서울,8.22금,18:30,삼성 라이온즈,8,3,2,12,0,0,패,108,25.5,,3.9,270.0,77.0,999.8,24.8
2014-08-22 19:00,서울,8.22금,18:30,키움 히어로즈,4,1,0,3,0,1,패,108,25.5,,3.9,270.0,77.0,999.8,24.8
2014-08-22 19:00,서울,8.22금,18:30,NC 다이노스,6,0,2,7,2,0,승,108,25.5,,3.9,270.0,77.0,999.8,24.8
2014-08-22 19:00,인천,8.22금,18:30,SK 와이번스,9,0,0,2,3,1,패,112,24.2,,2.3,270.0,99.0,1001.8,24.8
2014-08-22 19:00,인천,8.22금,18:30,한화 이글스,18,0,1,5,1,1,승,112,24.2,,2.3,270.0,99.0,1001.8,24.8
2014-08-23 18:00,대전,8.23토,18:00,한화 이글스,12,0,1,8,0,0,패,133,27.5,,1.1,320.0,74.0,1000.8,29.6
2014-08-23 18:00,대전,8.23토,18:00,KIA 타이거즈,9,1,0,4,1,0,승,133,27.5,,1.1,320.0,74.0,1000.8,29.6
2014-08-23 18:00,서울,8.23토,18:00,LG 트윈스,7,0,0,8,0,0,승,108,27.5,,3.6,290.0,67.0,998.5,27.0
2014-08-23 18:00,서울,8.23토,18:00,롯데 자이언츠,5,0,0,6,1,0,패,108,27.5,,3.6,290.0,67.0,998.5,27.0
2014-08-23 18:00,창원,8.23토,18:00,NC 다이노스,16,1,2,8,1,1,승,155,27.0,,1.4,230.0,70.0,1004.5,28.3
2014-08-23 18:00,창원,8.23토,18:00,두산 베어스,11,1,2,6,0,1,패,155,27.0,,1.4,230.0,70.0,1004.5,28.3
2014-08-23 18:00,인천,8.23토,18:00,SK 와이번스,11,1,3,6,2,2,패,112,26.1,,3.0,270.0,92.0,1000.7,27.1
2014-08-23 18:00,인천,8.23토,18:00,삼성 라이온즈,13,2,3,4,3,2,승,112,26.1,,3.0,270.0,92.0,1000.7,27.1
2014-08-24 18:00,서울,8.24일,18:00,LG 트윈스,8,1,0,8,1,1,승,108,27.5,,2.9,290.0,68.0,997.8,27.4
2014-08-24 18:00,서울,8.24일,18:00,롯데 자이언츠,6,1,0,7,0,1,패,108,27.5,,2.9,290.0,68.0,997.8,27.4
2014-08-24 18:00,창원,8.24일,18:00,NC 다이노스,11,0,1,4,0,1,승,155,25.5,0.0,1.5,160.0,88.0,1004.2,26.6
2014-08-24 18:00,창원,8.24일,18:00,두산 베어스,8,0,1,4,0,0,패,155,25.5,0.0,1.5,160.0,88.0,1004.2,26.6
2014-08-24 18:00,인천,8.24일,18:00,SK 와이번스,14,3,3,13,0,0,승,112,25.5,,2.4,340.0,97.0,999.9,25.6
2014-08-24 18:00,인천,8.24일,18:00,삼성 라이온즈,12,3,0,5,1,1,패,112,25.5,,2.4,340.0,97.0,999.9,25.6
2014-08-25 19:00,대전,8.25월,18:30,한화 이글스,13,2,0,4,3,0,승,133,23.7,,1.1,50.0,97.0,998.4,24.1
2014-08-25 19:00,대전,8.25월,18:30,KIA 타이거즈,3,0,0,6,2,0,패,133,23.7,,1.1,50.0,97.0,998.4,24.1
2014-08-26 19:00,창원,8.26화,18:30,NC 다이노스,4,0,2,8,1,1,패,155,25.5,,2.5,200.0,84.0,1005.9,26.6
2014-08-26 19:00,창원,8.26화,18:30,한화 이글스,9,0,2,11,0,2,승,155,25.5,,2.5,200.0,84.0,1005.9,26.6
2014-08-26 19:00,대구,8.26화,18:30,삼성 라이온즈,16,1,5,9,1,2,승,143,24.0,0.0,2.5,110.0,90.0,1004.5,25.1
2014-08-26 19:00,대구,8.26화,18:30,롯데 자이언츠,11,1,2,10,1,0,패,143,24.0,0.0,2.5,110.0,90.0,1004.5,25.1
2014-08-27 19:00,광주,8.27수,18:30,KIA 타이거즈,8,1,1,9,0,2,패,156,24.2,0.0,3.4,200.0,78.0,1006.9,24.4
2014-08-27 19:00,광주,8.27수,18:30,키움 히어로즈,8,2,2,9,0,0,승,156,24.2,0.0,3.4,200.0,78.0,1006.9,24.4
2014-08-27 19:00,서울,8.27수,18:30,LG 트윈스,9,0,0,8,0,1,승,108,26.6,,2.1,50.0,62.0,1005.0,24.7
2014-08-27 19:00,서울,8.27수,18:30,두산 베어스,6,0,1,8,0,0,패,108,26.6,,2.1,50.0,62.0,1005.0,24.7
2014-08-27 19:00,창원,8.27수,18:30,NC 다이노스,6,3,2,13,0,0,패,155,22.7,,0.2,0.0,82.0,1011.7,23.2
2014-08-27 19:00,창원,8.27수,18:30,한화 이글스,9,1,0,10,0,0,승,155,22.7,,0.2,0.0,82.0,1011.7,23.2
2014-08-27 19:00,대구,8.27수,18:30,삼성 라이온즈,9,0,1,3,1,1,패,143,22.7,,3.9,90.0,73.0,1009.9,21.6
2014-08-27 19:00,대구,8.27수,18:30,롯데 자이언츠,15,1,0,8,0,0,승,143,22.7,,3.9,90.0,73.0,1009.9,21.6
2014-08-28 19:00,광주,8.28목,18:30,KIA 타이거즈,11,1,3,8,0,4,패,156,21.9,,0.1,0.0,84.0,1007.5,23.4
2014-08-28 19:00,광주,8.28목,18:30,롯데 자이언츠,11,0,2,10,1,1,승,156,21.9,,0.1,0.0,84.0,1007.5,23.4
2014-08-28 19:00,서울,8.28목,18:30,LG 트윈스,3,0,0,9,1,1,패,108,27.5,,4.4,250.0,66.0,1004.8,25.7
2014-08-28 19:00,서울,8.28목,18:30,SK 와이번스,8,1,1,7,0,1,승,108,27.5,,4.4,250.0,66.0,1004.8,25.7
2014-08-28 19:00,서울,8.28목,18:30,키움 히어로즈,11,3,0,5,0,0,승,108,27.5,,4.4,250.0,66.0,1004.8,25.7
2014-08-28 19:00,서울,8.28목,18:30,한화 이글스,12,0,0,9,0,0,패,108,27.5,,4.4,250.0,66.0,1004.8,25.7
2014-08-28 19:00,대구,8.28목,18:30,삼성 라이온즈,13,0,4,9,0,0,패,143,24.0,,2.9,110.0,64.0,1009.4,22.8
2014-08-28 19:00,대구,8.28목,18:30,두산 베어스,10,1,1,9,0,1,승,143,24.0,,2.9,110.0,64.0,1009.4,22.8
2014-08-29 19:00,광주,8.29금,18:30,KIA 타이거즈,12,1,0,15,0,2,승,156,23.5,,2.0,270.0,72.0,1006.3,23.8
2014-08-29 19:00,광주,8.29금,18:30,롯데 자이언츠,8,0,0,11,0,1,패,156,23.5,,2.0,270.0,72.0,1006.3,23.8
2014-08-29 19:00,서울,8.29금,18:30,LG 트윈스,16,3,1,4,1,0,승,108,26.6,,2.5,270.0,68.0,1004.3,25.6
2014-08-29 19:00,서울,8.29금,18:30,SK 와이번스,7,1,0,8,1,0,패,108,26.6,,2.5,270.0,68.0,1004.3,25.6
2014-08-29 19:00,서울,8.29금,18:30,키움 히어로즈,17,2,1,10,1,0,패,108,26.6,,2.5,270.0,68.0,1004.3,25.6
2014-08-29 19:00,서울,8.29금,18:30,한화 이글스,13,2,0,10,1,0,승,108,26.6,,2.5,270.0,68.0,1004.3,25.6
2014-08-29 19:00,대구,8.29금,18:30,삼성 라이온즈,3,1,1,1,2,0,패,143,23.6,,4.2,90.0,61.0,1009.1,23.1
2014-08-29 19:00,대구,8.29금,18:30,두산 베어스,8,1,1,4,0,0,승,143,23.6,,4.2,90.0,61.0,1009.1,23.1
2014-08-30 18:00,부산,8.30토,18:00,롯데 자이언츠,6,0,0,10,0,1,패,159,23.3,,3.3,70.0,71.0,1005.3,22.7
2014-08-30 18:00,부산,8.30토,18:00,LG 트윈스,4,0,0,4,1,1,승,159,23.3,,3.3,70.0,71.0,1005.3,22.7
2014-08-30 18:00,서울,8.30토,18:00,두산 베어스,9,1,1,6,1,1,승,108,27.3,,4.2,270.0,69.0,1002.9,26.7
2014-08-30 18:00,서울,8.30토,18:00,NC 다이노스,3,1,1,9,0,2,패,108,27.3,,4.2,270.0,69.0,1002.9,26.7
2014-08-30 18:00,서울,8.30토,18:00,키움 히어로즈,10,2,1,10,1,1,승,108,27.3,,4.2,270.0,69.0,1002.9,26.7
2014-08-30 18:00,서울,8.30토,18:00,삼성 라이온즈,9,1,2,6,0,2,패,108,27.3,,4.2,270.0,69.0,1002.9,26.7
2014-08-30 18:00,인천,8.30토,18:00,SK 와이번스,12,2,1,5,2,1,승,112,25.7,,3.5,270.0,85.0,1005.2,26.4
2014-08-30 18:00,인천,8.30토,18:00,KIA 타이거즈,7,0,2,10,1,1,패,112,25.7,,3.5,270.0,85.0,1005.2,26.4
2014-08-31 18:00,부산,8.31일,18:00,롯데 자이언츠,8,2,0,8,1,1,승,159,22.7,,3.9,70.0,70.0,1004.8,22.6
2014-08-31 18:00,부산,8.31일,18:00,LG 트윈스,6,0,1,6,1,0,패,159,22.7,,3.9,70.0,70.0,1004.8,22.6
2014-08-31 18:00,서울,8.31일,18:00,두산 베어스,14,3,1,6,0,1,승,108,26.7,,1.9,360.0,57.0,1002.5,26.5
2014-08-31 18:00,서울,8.31일,18:00,NC 다이노스,10,1,0,7,0,0,패,108,26.7,,1.9,360.0,57.0,1002.5,26.5
2014-08-31 18:00,서울,8.31일,18:00,키움 히어로즈,11,2,0,4,2,0,승,108,26.7,,1.9,360.0,57.0,1002.5,26.5
2014-08-31 18:00,서울,8.31일,18:00,삼성 라이온즈,4,0,0,6,1,0,패,108,26.7,,1.9,360.0,57.0,1002.5,26.5
2014-08-31 18:00,인천,8.31일,18:00,SK 와이번스,11,1,1,10,1,0,승,112,25.0,,2.7,250.0,76.0,1004.6,25.5
2014-08-31 18:00,인천,8.31일,18:00,KIA 타이거즈,10,1,3,6,0,1,패,112,25.0,,2.7,250.0,76.0,1004.6,25.5
2014-09-02 19:00,대전,9.2화,18:30,한화 이글스,12,2,1,4,1,2,무,133,22.0,0.0,1.7,70.0,87.0,1002.1,21.8
2014-09-02 19:00,대전,9.2화,18:30,SK 와이번스,6,2,0,4,1,0,무,133,22.0,0.0,1.7,70.0,87.0,1002.1,21.8
2014-09-02 19:00,창원,9.2화,18:30,NC 다이노스,14,0,1,16,0,2,무,155,21.3,0.0,2.4,20.0,82.0,1006.9,22.1
2014-09-02 19:00,창원,9.2화,18:30,삼성 라이온즈,15,1,1,6,1,2,무,155,21.3,0.0,2.4,20.0,82.0,1006.9,22.1
2014-09-04 19:00,대전,9.4목,18:30,한화 이글스,6,0,1,7,3,1,패,133,24.9,,1.6,200.0,76.0,1001.1,23.2
2014-09-04 19:00,대전,9.4목,18:30,삼성 라이온즈,12,1,2,5,0,0,승,133,24.9,,1.6,200.0,76.0,1001.1,23.2
2014-09-04 19:00,부산,9.4목,18:30,롯데 자이언츠,11,2,0,15,0,3,승,159,23.9,,4.0,180.0,89.0,1000.6,23.5
2014-09-04 19:00,부산,9.4목,18:30,SK 와이번스,8,1,0,8,0,0,패,159,23.9,,4.0,180.0,89.0,1000.6,23.5
2014-09-04 19:00,창원,9.4목,18:30,NC 다이노스,5,2,1,8,0,0,패,155,24.8,,0.7,340.0,79.0,1004.1,24.3
2014-09-04 19:00,창원,9.4목,18:30,키움 히어로즈,13,5,0,6,0,1,승,155,24.8,,0.7,340.0,79.0,1004.1,24.3
2014-09-04 19:00,서울,9.4목,18:30,두산 베어스,13,1,0,4,2,0,무,108,23.5,,4.6,270.0,72.0,998.9,22.7
2014-09-04 19:00,서울,9.4목,18:30,LG 트윈스,10,1,2,10,0,2,무,108,23.5,,4.6,270.0,72.0,998.9,22.7
2014-09-05 18:00,서울,9.5금,18:10,두산 베어스,6,0,0,4,0,0,패,108,25.9,,3.2,270.0,65.0,1001.8,26.1
2014-09-05 18:00,서울,9.5금,18:10,LG 트윈스,13,0,0,6,1,0,승,108,25.9,,3.2,270.0,65.0,1001.8,26.1
2014-09-05 19:00,대전,9.5금,18:30,한화 이글스,2,0,0,14,0,0,패,133,25.5,,1.1,320.0,75.0,1004.4,24.8
2014-09-05 19:00,대전,9.5금,18:30,삼성 라이온즈,8,2,1,4,0,0,승,133,25.5,,1.1,320.0,75.0,1004.4,24.8
2014-09-05 19:00,부산,9.5금,18:30,롯데 자이언츠,4,1,2,8,1,1,패,159,24.5,,2.7,230.0,83.0,1003.9,23.3
2014-09-05 19:00,부산,9.5금,18:30,SK 와이번스,18,1,2,9,0,1,승,159,24.5,,2.7,230.0,83.0,1003.9,23.3
2014-09-05 19:00,창원,9.5금,18:30,NC 다이노스,5,0,0,10,2,3,패,155,24.9,,1.1,180.0,74.0,1007.6,25.2
2014-09-05 19:00,창원,9.5금,18:30,키움 히어로즈,10,1,3,5,0,0,승,155,24.9,,1.1,180.0,74.0,1007.6,25.2
2014-09-06 17:00,광주,9.6토,17:00,KIA 타이거즈,15,3,2,5,1,1,승,156,29.6,,2.1,50.0,44.0,1002.3,30.7
2014-09-06 17:00,광주,9.6토,17:00,NC 다이노스,6,0,1,8,0,1,패,156,29.6,,2.1,50.0,44.0,1002.3,30.7
2014-09-06 17:00,서울,9.6토,17:00,LG 트윈스,9,1,2,8,1,0,패,108,30.3,,4.1,290.0,44.0,1000.4,30.2
2014-09-06 17:00,서울,9.6토,17:00,한화 이글스,12,3,0,2,1,0,승,108,30.3,,4.1,290.0,44.0,1000.4,30.2
2014-09-06 17:00,부산,9.6토,17:00,롯데 자이언츠,12,3,1,10,0,0,승,159,24.1,,2.4,90.0,64.0,1003.6,24.9
2014-09-06 17:00,부산,9.6토,17:00,키움 히어로즈,11,1,0,5,1,0,패,159,24.1,,2.4,90.0,64.0,1003.6,24.9
2014-09-06 17:00,인천,9.6토,17:00,SK 와이번스,8,2,2,4,0,0,승,112,27.1,,3.8,340.0,70.0,1002.6,30.1
2014-09-06 17:00,인천,9.6토,17:00,두산 베어스,11,0,1,3,1,1,패,112,27.1,,3.8,340.0,70.0,1002.6,30.1
2014-09-07 14:00,광주,9.7일,14:00,KIA 타이거즈,6,0,1,10,1,1,패,156,29.3,,1.7,270.0,51.0,999.8,37.7
2014-09-07 14:00,광주,9.7일,14:00,NC 다이노스,11,0,5,12,0,0,승,156,29.3,,1.7,270.0,51.0,999.8,37.7
2014-09-07 14:00,서울,9.7일,14:00,LG 트윈스,8,1,0,3,2,0,패,108,30.9,,2.6,270.0,43.0,998.2,42.1
2014-09-07 14:00,서울,9.7일,14:00,한화 이글스,11,3,1,5,1,1,승,108,30.9,,2.6,270.0,43.0,998.2,42.1
2014-09-07 14:00,부산,9.7일,14:00,롯데 자이언츠,11,2,0,9,0,0,패,159,27.5,,3.1,140.0,61.0,1000.6,43.6
2014-09-07 14:00,부산,9.7일,14:00,키움 히어로즈,11,2,1,3,0,1,승,159,27.5,,3.1,140.0,61.0,1000.6,43.6
2014-09-07 14:00,인천,9.7일,14:00,SK 와이번스,13,2,1,7,1,0,승,112,27.5,,3.2,270.0,86.0,1000.4,32.1
2014-09-07 14:00,인천,9.7일,14:00,두산 베어스,9,1,0,2,0,0,패,112,27.5,,3.2,270.0,86.0,1000.4,32.1
2014-09-09 14:00,대전,9.9화,14:00,한화 이글스,9,1,1,12,0,3,패,133,26.7,,1.6,290.0,61.0,1000.0,35.4
2014-09-09 14:00,대전,9.9화,14:00,키움 히어로즈,19,2,0,2,1,1,승,133,26.7,,1.6,290.0,61.0,1000.0,35.4
2014-09-09 14:00,서울,9.9화,14:00,LG 트윈스,13,2,1,8,0,2,패,108,27.8,,3.5,250.0,41.0,997.5,42.5
2014-09-09 14:00,서울,9.9화,14:00,KIA 타이거즈,10,0,4,4,0,0,승,108,27.8,,3.5,250.0,41.0,997.5,42.5
2014-09-09 14:00,인천,9.9화,14:00,SK 와이번스,9,3,0,6,0,1,승,112,26.2,,2.7,270.0,47.0,999.9,31.8
2014-09-09 14:00,인천,9.9화,14:00,롯데 자이언츠,10,2,1,6,1,2,패,112,26.2,,2.7,270.0,47.0,999.9,31.8
2014-09-09 14:00,대구,9.9화,14:00,삼성 라이온즈,12,0,1,10,1,0,패,143,30.2,,2.4,290.0,41.0,1000.1,41.8
2014-09-09 14:00,대구,9.9화,14:00,NC 다이노스,11,2,4,3,3,0,승,143,30.2,,2.4,290.0,41.0,1000.1,41.8
2014-09-10 14:00,대전,9.10수,14:00,한화 이글스,6,0,0,11,2,1,패,133,26.2,,1.2,360.0,46.0,1002.4,43.4
2014-09-10 14:00,대전,9.10수,14:00,키움 히어로즈,10,1,2,3,1,0,승,133,26.2,,1.2,360.0,46.0,1002.4,43.4
2014-09-10 14:00,서울,9.10수,14:00,LG 트윈스,10,2,2,3,1,2,승,108,27.5,,2.6,270.0,42.0,1000.0,42.6
2014-09-10 14:00,서울,9.10수,14:00,KIA 타이거즈,10,0,0,6,1,0,패,108,27.5,,2.6,270.0,42.0,1000.0,42.6
2014-09-10 14:00,인천,9.10수,14:00,SK 와이번스,14,1,0,11,2,0,패,112,26.0,,3.0,270.0,46.0,1002.2,32.1
2014-09-10 14:00,인천,9.10수,14:00,롯데 자이언츠,19,0,0,5,0,0,승,112,26.0,,3.0,270.0,46.0,1002.2,32.1
2014-09-10 14:00,대구,9.10수,14:00,삼성 라이온즈,6,1,1,6,1,0,승,143,28.0,,2.4,270.0,41.0,1002.3,38.2
2014-09-10 14:00,대구,9.10수,14:00,NC 다이노스,7,0,2,6,0,0,패,143,28.0,,2.4,270.0,41.0,1002.3,38.2
2014-09-11 19:00,대전,9.11목,18:30,한화 이글스,12,1,1,11,0,1,패,133,23.4,,1.7,320.0,68.0,1004.4,23.3
2014-09-11 19:00,대전,9.11목,18:30,두산 베어스,16,1,3,6,0,1,승,133,23.4,,1.7,320.0,68.0,1004.4,23.3
2014-09-11 19:00,광주,9.11목,18:30,KIA 타이거즈,7,2,0,12,0,0,패,156,24.6,,1.3,290.0,61.0,1004.1,26.0
2014-09-11 19:00,광주,9.11목,18:30,삼성 라이온즈,13,0,1,9,0,0,승,156,24.6,,1.3,290.0,61.0,1004.1,26.0
2014-09-11 19:00,부산,9.11목,18:30,롯데 자이언츠,9,0,0,10,0,0,승,159,22.9,,2.5,70.0,71.0,1004.8,21.8
2014-09-11 19:00,부산,9.11목,18:30,NC 다이노스,7,0,0,6,1,0,패,159,22.9,,2.5,70.0,71.0,1004.8,21.8
2014-09-11 19:00,서울,9.11목,18:30,키움 히어로즈,4,0,0,1,0,1,패,108,25.3,,2.7,340.0,54.0,1002.4,25.4
2014-09-11 19:00,서울,9.11목,18:30,SK 와이번스,12,1,1,1,0,0,승,108,25.3,,2.7,340.0,54.0,1002.4,25.4
2014-09-12 19:00,대전,9.12금,18:30,한화 이글스,7,0,0,6,0,2,패,133,22.0,,0.7,70.0,79.0,1005.4,22.3
2014-09-12 19:00,대전,9.12금,18:30,두산 베어스,11,1,0,4,1,0,승,133,22.0,,0.7,70.0,79.0,1005.4,22.3
2014-09-12 19:00,광주,9.12금,18:30,KIA 타이거즈,11,0,0,8,1,0,패,156,21.2,,0.9,340.0,82.0,1004.9,21.8
2014-09-12 19:00,광주,9.12금,18:30,삼성 라이온즈,19,6,0,6,1,0,승,156,21.2,,0.9,340.0,82.0,1004.9,21.8
2014-09-12 19:00,부산,9.12금,18:30,롯데 자이언츠,1,0,0,11,0,1,패,159,22.5,,2.7,70.0,69.0,1005.8,21.7
2014-09-12 19:00,부산,9.12금,18:30,NC 다이노스,10,1,0,12,0,0,승,159,22.5,,2.7,70.0,69.0,1005.8,21.7
2014-09-12 19:00,서울,9.12금,18:30,키움 히어로즈,4,0,0,7,1,0,패,108,21.3,0.0,1.1,50.0,83.0,1003.4,22.9
2014-09-12 19:00,서울,9.12금,18:30,SK 와이번스,7,0,1,8,0,1,승,108,21.3,0.0,1.1,50.0,83.0,1003.4,22.9
2014-09-13 17:00,광주,9.13토,17:00,KIA 타이거즈,9,0,1,8,0,0,승,156,28.2,,1.3,70.0,35.0,1004.5,34.6
2014-09-13 17:00,광주,9.13토,17:00,한화 이글스,4,1,0,10,0,2,패,156,28.2,,1.3,70.0,35.0,1004.5,34.6
2014-09-13 17:00,창원,9.13토,17:00,NC 다이노스,10,3,1,10,0,1,승,155,25.4,,2.2,110.0,52.0,1009.4,30.2
2014-09-13 17:00,창원,9.13토,17:00,SK 와이번스,9,0,2,4,1,1,패,155,25.4,,2.2,110.0,52.0,1009.4,30.2
2014-09-13 17:00,서울,9.13토,17:00,두산 베어스,14,1,1,9,1,1,승,108,27.3,,3.1,50.0,42.0,1003.6,28.8
2014-09-13 17:00,서울,9.13토,17:00,롯데 자이언츠,7,0,0,12,0,0,패,108,27.3,,3.1,50.0,42.0,1003.6,28.8
2014-09-13 17:00,대구,9.13토,17:00,삼성 라이온즈,9,0,0,7,2,1,패,143,25.6,,4.4,90.0,40.0,1007.8,34.6
2014-09-13 17:00,대구,9.13토,17:00,LG 트윈스,6,0,1,7,0,0,승,143,25.6,,4.4,90.0,40.0,1007.8,34.6
2014-09-14 14:00,광주,9.14일,14:00,KIA 타이거즈,13,3,0,5,0,0,패,156,26.6,,2.2,320.0,44.0,1006.1,40.0
2014-09-14 14:00,광주,9.14일,14:00,한화 이글스,12,4,0,10,0,0,승,156,26.6,,2.2,320.0,44.0,1006.1,40.0
2014-09-14 14:00,창원,9.14일,14:00,NC 다이노스,6,1,0,7,0,2,패,155,25.4,,1.5,20.0,53.0,1010.5,35.5
2014-09-14 14:00,창원,9.14일,14:00,SK 와이번스,7,1,1,2,0,0,승,155,25.4,,1.5,20.0,53.0,1010.5,35.5
2014-09-14 14:00,서울,9.14일,14:00,두산 베어스,11,0,0,2,0,0,패,108,28.2,,1.1,50.0,42.0,1005.0,45.0
2014-09-14 14:00,서울,9.14일,14:00,롯데 자이언츠,8,2,0,6,0,0,승,108,28.2,,1.1,50.0,42.0,1005.0,45.0
2014-09-14 14:00,대구,9.14일,14:00,삼성 라이온즈,8,0,0,9,2,1,패,143,26.7,,2.4,90.0,38.0,1007.9,41.6
2014-09-14 14:00,대구,9.14일,14:00,LG 트윈스,12,1,0,9,0,1,승,143,26.7,,2.4,90.0,38.0,1007.9,41.6
