day_text,day,times_text,team_text,location,H_text,HR_text,S_text,ST_text,DU_text,ER_text,result_text
2014-05-01 19:00,5.1목,18:30,LG 트윈스,서울,8,1,2,5,1,4,패
2014-05-01 19:00,5.1목,18:30,NC 다이노스,서울,12,0,1,4,1,1,승
2014-05-01 19:00,5.1목,18:30,롯데 자이언츠,부산,7,0,1,8,0,0,패
2014-05-01 19:00,5.1목,18:30,한화 이글스,부산,8,0,0,7,0,1,승
2014-05-01 19:00,5.1목,18:30,SK 와이번스,인천,10,0,1,8,2,8,패
2014-05-01 19:00,5.1목,18:30,KIA 타이거즈,인천,21,1,2,3,0,0,승
2014-05-01 19:00,5.1목,18:30,키움 히어로즈,서울,8,1,0,10,0,0,승
2014-05-01 19:00,5.1목,18:30,두산 베어스,서울,8,1,2,5,1,0,패
2014-05-03 17:00,5.3토,17:00,롯데 자이언츠,부산,11,0,3,9,1,1,승
2014-05-03 17:00,5.3토,17:00,SK 와이번스,부산,13,1,2,9,1,0,패
2014-05-03 17:00,5.3토,17:00,NC 다이노스,창원,13,0,2,6,0,0,승
2014-05-03 17:00,5.3토,17:00,삼성 라이온즈,창원,8,0,0,6,0,1,패
2014-05-03 17:00,5.3토,17:00,두산 베어스,서울,7,1,0,5,0,0,승
2014-05-03 17:00,5.3토,17:00,LG 트윈스,서울,7,1,0,5,0,1,패
2014-05-03 17:00,5.3토,17:00,키움 히어로즈,서울,7,1,1,5,2,1,승
2014-05-03 17:00,5.3토,17:00,KIA 타이거즈,서울,10,0,4,6,1,0,패
2014-05-04 14:00,5.4일,14:00,롯데 자이언츠,부산,18,4,2,5,1,0,승
2014-05-04 14:00,5.4일,14:00,SK 와이번스,부산,6,1,0,6,0,2,패
2014-05-04 14:00,5.4일,14:00,NC 다이노스,창원,8,0,0,6,1,0,패
2014-05-04 14:00,5.4일,14:00,삼성 라이온즈,창원,9,0,3,2,1,0,승
2014-05-04 14:00,5.4일,14:00,두산 베어스,서울,2,0,0,7,0,0,패
2014-05-04 14:00,5.4일,14:00,LG 트윈스,서울,15,0,1,5,0,1,승
2014-05-04 14:00,5.4일,14:00,키움 히어로즈,서울,14,3,1,3,0,2,패
2014-05-04 14:00,5.4일,14:00,KIA 타이거즈,서울,14,1,1,6,2,2,승
2014-05-05 14:00,5.5월,14:00,롯데 자이언츠,부산,9,1,1,11,1,0,패
2014-05-05 14:00,5.5월,14:00,SK 와이번스,부산,12,1,3,10,2,2,승
2014-05-05 14:00,5.5월,14:00,NC 다이노스,창원,9,0,2,4,0,1,패
2014-05-05 14:00,5.5월,14:00,삼성 라이온즈,창원,5,0,2,6,1,0,승
2014-05-05 14:00,5.5월,14:00,두산 베어스,서울,14,0,1,5,2,1,승
2014-05-05 14:00,5.5월,14:00,LG 트윈스,서울,8,0,0,4,1,0,패
2014-05-05 14:00,5.5월,14:00,키움 히어로즈,서울,14,3,3,7,2,0,승
2014-05-05 14:00,5.5월,14:00,KIA 타이거즈,서울,14,1,0,6,0,2,패
2014-05-06 14:00,5.6화,14:00,한화 이글스,대전,10,0,2,5,2,1,패
2014-05-06 14:00,5.6화,14:00,LG 트윈스,대전,15,0,1,7,0,2,승
2014-05-06 14:00,5.6화,14:00,NC 다이노스,창원,13,1,3,9,2,0,승
2014-05-06 14:00,5.6화,14:00,키움 히어로즈,창원,7,1,0,6,1,0,패
2014-05-06 14:00,5.6화,14:00,두산 베어스,서울,16,0,0,7,1,0,패
2014-05-06 14:00,5.6화,14:00,롯데 자이언츠,서울,24,2,0,4,1,1,승
2014-05-06 14:00,5.6화,14:00,삼성 라이온즈,대구,14,0,2,5,0,1,승
2014-05-06 14:00,5.6화,14:00,SK 와이번스,대구,8,1,1,8,0,1,패
2014-05-07 19:00,5.7수,18:30,한화 이글스,대전,15,1,2,7,0,1,승
2014-05-07 19:00,5.7수,18:30,LG 트윈스,대전,9,0,3,8,0,1,패
2014-05-07 19:00,5.7수,18:30,NC 다이노스,창원,21,6,0,5,1,0,승
2014-05-07 19:00,5.7수,18:30,키움 히어로즈,창원,6,2,0,8,0,0,패
2014-05-07 19:00,5.7수,18:30,두산 베어스,서울,11,2,0,11,1,0,패
2014-05-07 19:00,5.7수,18:30,롯데 자이언츠,서울,12,0,1,9,0,0,승
2014-05-07 19:00,5.7수,18:30,삼성 라이온즈,대구,6,0,0,8,0,0,승
2014-05-07 19:00,5.7수,18:30,SK 와이번스,대구,9,1,1,7,2,1,패
2014-05-08 19:00,5.8목,18:30,한화 이글스,대전,11,1,0,5,1,0,승
2014-05-08 19:00,5.8목,18:30,LG 트윈스,대전,7,0,0,5,3,0,패
2014-05-08 19:00,5.8목,18:30,NC 다이노스,창원,8,0,0,9,0,0,패
2014-05-08 19:00,5.8목,18:30,키움 히어로즈,창원,8,2,1,7,1,1,승
2014-05-08 19:00,5.8목,18:30,두산 베어스,서울,20,6,0,1,3,1,승
2014-05-08 19:00,5.8목,18:30,롯데 자이언츠,서울,11,0,2,8,2,1,패
2014-05-08 19:00,5.8목,18:30,삼성 라이온즈,대구,6,2,1,7,0,0,승
2014-05-08 19:00,5.8목,18:30,SK 와이번스,대구,3,0,1,11,1,0,패
2014-05-09 19:00,5.9금,18:30,KIA 타이거즈,광주,9,2,0,9,0,0,승
2014-05-09 19:00,5.9금,18:30,한화 이글스,광주,7,0,3,12,0,1,패
2014-05-09 19:00,5.9금,18:30,LG 트윈스,서울,10,0,1,4,1,2,패
2014-05-09 19:00,5.9금,18:30,키움 히어로즈,서울,9,1,2,8,0,1,승
2014-05-09 19:00,5.9금,18:30,롯데 자이언츠,부산,9,1,1,9,0,0,승
2014-05-09 19:00,5.9금,18:30,NC 다이노스,부산,4,0,0,12,0,2,패
2014-05-09 19:00,5.9금,18:30,삼성 라이온즈,대구,17,4,0,1,0,0,승
2014-05-09 19:00,5.9금,18:30,두산 베어스,대구,9,0,0,4,1,0,패
2014-05-10 17:00,5.10토,17:00,KIA 타이거즈,광주,18,2,2,5,1,0,승
2014-05-10 17:00,5.10토,17:00,한화 이글스,광주,9,1,0,3,0,0,패
2014-05-10 17:00,5.10토,17:00,LG 트윈스,서울,11,0,2,9,1,1,승
2014-05-10 17:00,5.10토,17:00,키움 히어로즈,서울,7,0,1,6,0,2,패
2014-05-10 17:00,5.10토,17:00,롯데 자이언츠,부산,6,1,1,5,1,1,패
2014-05-10 17:00,5.10토,17:00,NC 다이노스,부산,8,1,1,10,0,1,승
2014-05-10 17:00,5.10토,17:00,삼성 라이온즈,대구,5,0,1,4,2,2,패
2014-05-10 17:00,5.10토,17:00,두산 베어스,대구,15,1,2,5,2,1,승
2014-05-11 14:00,5.11일,14:00,KIA 타이거즈,광주,9,1,0,4,0,1,승
2014-05-11 14:00,5.11일,14:00,한화 이글스,광주,6,0,3,6,2,1,패
2014-05-11 14:00,5.11일,14:00,LG 트윈스,서울,4,0,0,6,1,0,패
2014-05-11 14:00,5.11일,14:00,키움 히어로즈,서울,12,3,1,2,2,0,승
2014-05-11 14:00,5.11일,14:00,롯데 자이언츠,부산,6,0,0,4,1,2,패
2014-05-11 14:00,5.11일,14:00,NC 다이노스,부산,12,1,0,4,0,0,승
2014-05-11 14:00,5.11일,14:00,삼성 라이온즈,대구,3,0,1,4,0,1,패
2014-05-11 14:00,5.11일,14:00,두산 베어스,대구,13,2,0,5,1,0,승
2014-05-13 19:00,5.13화,18:30,한화 이글스,대전,7,0,0,7,2,1,패
2014-05-13 19:00,5.13화,18:30,삼성 라이온즈,대전,13,2,4,2,0,0,승
2014-05-13 19:00,5.13화,18:30,KIA 타이거즈,광주,7,1,1,7,0,2,패
2014-05-13 19:00,5.13화,18:30,NC 다이노스,광주,7,1,1,4,3,1,승
2014-05-13 19:00,5.13화,18:30,롯데 자이언츠,부산,6,0,1,7,0,1,패
2014-05-13 19:00,5.13화,18:30,LG 트윈스,부산,7,1,0,2,1,0,승
2014-05-13 19:00,5.13화,18:30,두산 베어스,서울,13,1,3,9,0,0,승
2014-05-13 19:00,5.13화,18:30,SK 와이번스,서울,10,3,0,7,0,1,패
2014-05-14 19:00,5.14수,18:30,한화 이글스,대전,7,0,2,11,1,0,패
2014-05-14 19:00,5.14수,18:30,삼성 라이온즈,대전,11,0,1,5,1,1,승
2014-05-14 19:00,5.14수,18:30,KIA 타이거즈,광주,12,0,2,8,1,2,패
2014-05-14 19:00,5.14수,18:30,NC 다이노스,광주,10,2,3,6,0,0,승
2014-05-14 19:00,5.14수,18:30,롯데 자이언츠,부산,9,0,0,6,0,0,패
2014-05-14 19:00,5.14수,18:30,LG 트윈스,부산,6,0,1,7,1,0,승
2014-05-14 19:00,5.14수,18:30,두산 베어스,서울,15,3,0,7,0,0,승
2014-05-14 19:00,5.14수,18:30,SK 와이번스,서울,5,0,2,11,1,1,패
2014-05-15 19:00,5.15목,18:30,한화 이글스,대전,10,0,0,15,0,0,무
2014-05-15 19:00,5.15목,18:30,삼성 라이온즈,대전,9,1,0,5,1,0,무
2014-05-15 19:00,5.15목,18:30,KIA 타이거즈,광주,8,4,2,5,0,1,승
2014-05-15 19:00,5.15목,18:30,NC 다이노스,광주,10,1,0,14,0,1,패
2014-05-15 19:00,5.15목,18:30,롯데 자이언츠,부산,14,0,0,9,0,0,승
2014-05-15 19:00,5.15목,18:30,LG 트윈스,부산,10,1,0,4,1,1,패
2014-05-15 19:00,5.15목,18:30,두산 베어스,서울,14,1,1,8,0,1,승
2014-05-15 19:00,5.15목,18:30,SK 와이번스,서울,4,0,1,7,0,3,패
2014-05-16 19:00,5.16금,18:30,NC 다이노스,창원,5,0,0,8,0,0,패
2014-05-16 19:00,5.16금,18:30,두산 베어스,창원,13,3,1,9,0,2,승
2014-05-16 19:00,5.16금,18:30,SK 와이번스,인천,7,1,2,8,1,2,패
2014-05-16 19:00,5.16금,18:30,한화 이글스,인천,10,0,1,6,1,0,승
2014-05-16 19:00,5.16금,18:30,삼성 라이온즈,대구,6,2,1,5,1,0,승
2014-05-16 19:00,5.16금,18:30,KIA 타이거즈,대구,6,0,3,8,0,0,패
2014-05-16 19:00,5.16금,18:30,키움 히어로즈,서울,7,1,2,6,2,1,패
2014-05-16 19:00,5.16금,18:30,롯데 자이언츠,서울,12,0,0,7,1,0,승
2014-05-17 17:00,5.17토,17:00,NC 다이노스,창원,4,0,1,2,0,0,패
2014-05-17 17:00,5.17토,17:00,두산 베어스,창원,11,0,1,2,2,2,승
2014-05-17 17:00,5.17토,17:00,SK 와이번스,인천,16,0,6,6,0,1,승
2014-05-17 17:00,5.17토,17:00,한화 이글스,인천,10,1,0,8,1,1,패
2014-05-17 17:00,5.17토,17:00,삼성 라이온즈,대구,18,3,0,6,2,3,승
2014-05-17 17:00,5.17토,17:00,KIA 타이거즈,대구,11,1,1,8,0,2,패
2014-05-17 17:00,5.17토,17:00,키움 히어로즈,서울,13,0,0,3,0,1,승
2014-05-17 17:00,5.17토,17:00,롯데 자이언츠,서울,8,1,0,7,0,5,패
2014-05-18 14:00,5.18일,14:00,NC 다이노스,창원,14,2,0,7,1,1,승
2014-05-18 14:00,5.18일,14:00,두산 베어스,창원,10,2,0,2,0,1,패
2014-05-18 14:00,5.18일,14:00,SK 와이번스,인천,12,0,0,5,1,0,패
2014-05-18 14:00,5.18일,14:00,한화 이글스,인천,13,0,0,3,1,0,승
2014-05-18 14:00,5.18일,14:00,삼성 라이온즈,대구,16,1,2,6,0,0,승
2014-05-18 14:00,5.18일,14:00,KIA 타이거즈,대구,6,0,0,4,0,1,패
2014-05-18 14:00,5.18일,14:00,키움 히어로즈,서울,11,1,0,10,0,3,패
2014-05-18 14:00,5.18일,14:00,롯데 자이언츠,서울,12,2,0,3,1,0,승
2014-05-20 19:00,5.20화,18:30,한화 이글스,대전,4,1,1,2,2,2,패
2014-05-20 19:00,5.20화,18:30,키움 히어로즈,대전,8,2,0,3,2,0,승
2014-05-20 19:00,5.20화,18:30,LG 트윈스,서울,7,1,1,6,1,1,패
2014-05-20 19:00,5.20화,18:30,KIA 타이거즈,서울,12,4,1,3,0,2,승
2014-05-20 19:00,5.20화,18:30,롯데 자이언츠,부산,8,0,0,12,0,1,패
2014-05-20 19:00,5.20화,18:30,삼성 라이온즈,부산,9,1,0,2,0,2,승
2014-05-20 19:00,5.20화,18:30,SK 와이번스,인천,7,1,0,1,1,0,패
2014-05-20 19:00,5.20화,18:30,NC 다이노스,인천,9,2,1,7,0,0,승
2014-05-21 19:00,5.21수,18:30,한화 이글스,대전,15,2,1,8,2,1,승
2014-05-21 19:00,5.21수,18:30,키움 히어로즈,대전,11,1,0,8,1,1,패
2014-05-21 19:00,5.21수,18:30,LG 트윈스,서울,8,1,2,10,0,0,승
2014-05-21 19:00,5.21수,18:30,KIA 타이거즈,서울,8,0,0,7,1,1,패
2014-05-21 19:00,5.21수,18:30,롯데 자이언츠,부산,13,0,0,9,0,1,패
2014-05-21 19:00,5.21수,18:30,삼성 라이온즈,부산,7,3,2,4,0,0,승
2014-05-21 19:00,5.21수,18:30,SK 와이번스,인천,16,2,0,9,0,0,승
2014-05-21 19:00,5.21수,18:30,NC 다이노스,인천,8,0,1,7,0,0,패
2014-05-22 19:00,5.22목,18:30,한화 이글스,대전,20,1,0,5,1,2,승
2014-05-22 19:00,5.22목,18:30,키움 히어로즈,대전,9,0,0,4,3,2,패
2014-05-22 19:00,5.22목,18:30,LG 트윈스,서울,21,0,2,5,1,1,승
2014-05-22 19:00,5.22목,18:30,KIA 타이거즈,서울,15,3,0,7,3,1,패
2014-05-22 19:00,5.22목,18:30,롯데 자이언츠,부산,10,1,2,10,0,1,패
2014-05-22 19:00,5.22목,18:30,삼성 라이온즈,부산,9,2,1,6,1,2,승
2014-05-22 19:00,5.22목,18:30,SK 와이번스,인천,9,0,0,14,0,1,승
2014-05-22 19:00,5.22목,18:30,NC 다이노스,인천,8,0,2,4,2,0,패
2014-05-23 19:00,5.23금,18:30,한화 이글스,대전,12,1,0,3,1,1,패
2014-05-23 19:00,5.23금,18:30,두산 베어스,대전,11,1,1,9,0,0,승
2014-05-23 19:00,5.23금,18:30,KIA 타이거즈,광주,6,0,0,7,1,0,패
2014-05-23 19:00,5.23금,18:30,롯데 자이언츠,광주,3,0,0,8,0,0,승
2014-05-23 19:00,5.23금,18:30,LG 트윈스,서울,12,1,1,8,0,1,승
2014-05-23 19:00,5.23금,18:30,SK 와이번스,서울,8,1,2,10,1,2,패
2014-05-23 19:00,5.23금,18:30,키움 히어로즈,서울,6,1,1,5,0,0,패
2014-05-23 19:00,5.23금,18:30,삼성 라이온즈,서울,11,2,1,5,0,1,승
2014-05-24 17:00,5.24토,17:00,한화 이글스,대전,15,0,2,6,0,1,승
2014-05-24 17:00,5.24토,17:00,두산 베어스,대전,14,0,0,5,1,2,패
2014-05-24 17:00,5.24토,17:00,KIA 타이거즈,광주,12,1,0,3,0,2,승
2014-05-24 17:00,5.24토,17:00,롯데 자이언츠,광주,2,0,0,7,0,1,패
2014-05-24 17:00,5.24토,17:00,LG 트윈스,서울,7,2,1,11,2,0,패
2014-05-24 17:00,5.24토,17:00,SK 와이번스,서울,8,3,2,5,0,0,승
2014-05-24 17:00,5.24토,17:00,키움 히어로즈,서울,6,1,1,7,0,0,패
2014-05-24 17:00,5.24토,17:00,삼성 라이온즈,서울,7,3,3,4,0,0,승
2014-05-25 14:00,5.25일,14:00,한화 이글스,대전,12,0,3,8,2,0,패
2014-05-25 14:00,5.25일,14:00,두산 베어스,대전,18,1,0,2,2,1,승
2014-05-25 14:00,5.25일,14:00,KIA 타이거즈,광주,14,1,1,4,2,0,승
2014-05-25 14:00,5.25일,14:00,롯데 자이언츠,광주,6,1,0,7,0,1,패
2014-05-25 14:00,5.25일,14:00,LG 트윈스,서울,6,0,1,5,0,1,패
2014-05-25 14:00,5.25일,14:00,SK 와이번스,서울,12,0,5,5,0,0,승
2014-05-25 14:00,5.25일,14:00,키움 히어로즈,서울,5,1,0,11,0,2,패
2014-05-25 14:00,5.25일,14:00,삼성 라이온즈,서울,23,2,0,7,2,0,승
2014-05-27 19:00,5.27화,18:30,NC 다이노스,창원,19,5,0,8,1,2,승
2014-05-27 19:00,5.27화,18:30,한화 이글스,창원,15,0,1,4,1,2,패
2014-05-27 19:00,5.27화,18:30,두산 베어스,서울,11,1,0,10,0,0,패
2014-05-27 19:00,5.27화,18:30,KIA 타이거즈,서울,12,0,0,8,2,0,승
2014-05-27 19:00,5.27화,18:30,SK 와이번스,인천,10,0,0,6,1,1,패
2014-05-27 19:00,5.27화,18:30,키움 히어로즈,인천,15,3,2,4,2,0,승
2014-05-27 19:00,5.27화,18:30,삼성 라이온즈,대구,8,0,0,9,1,0,패
2014-05-27 19:00,5.27화,18:30,LG 트윈스,대구,9,0,1,6,1,2,승
2014-05-28 19:00,5.28수,18:30,NC 다이노스,창원,17,4,0,9,0,0,승
2014-05-28 19:00,5.28수,18:30,한화 이글스,창원,7,0,0,7,0,0,패
2014-05-28 19:00,5.28수,18:30,두산 베어스,서울,13,2,2,4,1,1,승
2014-05-28 19:00,5.28수,18:30,KIA 타이거즈,서울,12,1,1,10,0,0,패
2014-05-28 19:00,5.28수,18:30,SK 와이번스,인천,7,1,2,4,1,0,패
2014-05-28 19:00,5.28수,18:30,키움 히어로즈,인천,7,2,0,2,2,0,승
2014-05-28 19:00,5.28수,18:30,삼성 라이온즈,대구,12,1,1,1,1,0,승
2014-05-28 19:00,5.28수,18:30,LG 트윈스,대구,9,0,2,6,1,0,패
2014-05-29 19:00,5.29목,18:30,NC 다이노스,창원,19,2,0,2,1,0,승
2014-05-29 19:00,5.29목,18:30,한화 이글스,창원,16,0,0,4,3,0,패
2014-05-29 19:00,5.29목,18:30,두산 베어스,서울,22,1,2,6,0,0,승
2014-05-29 19:00,5.29목,18:30,KIA 타이거즈,서울,16,2,2,10,1,0,패
2014-05-29 19:00,5.29목,18:30,SK 와이번스,인천,16,1,4,7,1,1,승
2014-05-29 19:00,5.29목,18:30,키움 히어로즈,인천,7,1,4,10,0,0,패
2014-05-29 19:00,5.29목,18:30,삼성 라이온즈,대구,8,1,4,5,2,0,승
2014-05-29 19:00,5.29목,18:30,LG 트윈스,대구,6,0,1,7,1,1,패
2014-05-30 19:00,5.30금,18:30,LG 트윈스,서울,8,0,1,9,0,1,패
2014-05-30 19:00,5.30금,18:30,키움 히어로즈,서울,13,2,2,7,2,0,승
2014-05-30 19:00,5.30금,18:30,롯데 자이언츠,부산,7,1,1,6,1,0,패
2014-05-30 19:00,5.30금,18:30,두산 베어스,부산,11,0,1,3,1,0,승
2014-05-30 19:00,5.30금,18:30,NC 다이노스,창원,14,0,2,6,0,2,승
2014-05-30 19:00,5.30금,18:30,KIA 타이거즈,창원,8,2,0,5,2,2,패
2014-05-30 19:00,5.30금,18:30,SK 와이번스,인천,10,0,1,6,2,0,승
2014-05-30 19:00,5.30금,18:30,한화 이글스,인천,6,1,1,4,0,0,패
2014-05-31 17:00,5.31토,17:00,LG 트윈스,서울,13,2,2,7,0,0,승
2014-05-31 17:00,5.31토,17:00,키움 히어로즈,서울,12,1,1,10,1,0,패
2014-05-31 17:00,5.31토,17:00,롯데 자이언츠,부산,29,2,0,4,1,1,승
2014-05-31 17:00,5.31토,17:00,두산 베어스,부산,5,1,0,3,1,2,패
2014-05-31 17:00,5.31토,17:00,NC 다이노스,창원,12,1,2,8,1,1,승
2014-05-31 17:00,5.31토,17:00,KIA 타이거즈,창원,9,3,1,7,0,0,패
2014-05-31 17:00,5.31토,17:00,SK 와이번스,인천,11,0,0,1,1,0,승
2014-05-31 17:00,5.31토,17:00,한화 이글스,인천,11,1,1,6,1,1,패
2014-06-01 17:00,6.1일,17:00,LG 트윈스,서울,12,1,2,12,1,1,패
2014-06-01 17:00,6.1일,17:00,키움 히어로즈,서울,13,2,2,7,0,0,승
2014-06-01 17:00,6.1일,17:00,롯데 자이언츠,부산,18,1,2,2,1,0,승
2014-06-01 17:00,6.1일,17:00,두산 베어스,부산,11,3,0,2,0,0,패
2014-06-01 17:00,6.1일,17:00,NC 다이노스,창원,6,2,0,12,1,1,패
2014-06-01 17:00,6.1일,17:00,KIA 타이거즈,창원,13,1,2,4,2,0,승
2014-06-01 17:00,6.1일,17:00,SK 와이번스,인천,9,1,2,10,0,2,패
2014-06-01 17:00,6.1일,17:00,한화 이글스,인천,12,0,1,4,0,1,승
2014-06-03 19:00,6.3화,18:30,KIA 타이거즈,광주,8,0,1,10,0,0,패
2014-06-03 19:00,6.3화,18:30,삼성 라이온즈,광주,9,0,2,3,1,1,승
2014-06-03 19:00,6.3화,18:30,키움 히어로즈,서울,9,1,0,9,0,0,패
2014-06-03 19:00,6.3화,18:30,NC 다이노스,서울,7,1,4,6,0,0,승
2014-06-04 19:00,6.4수,18:30,KIA 타이거즈,광주,7,1,0,6,0,0,패
2014-06-04 19:00,6.4수,18:30,삼성 라이온즈,광주,13,3,4,6,1,1,승
2014-06-04 19:00,6.4수,18:30,두산 베어스,서울,9,2,0,4,3,3,패
2014-06-04 19:00,6.4수,18:30,SK 와이번스,서울,9,1,2,6,1,1,승
2014-06-04 19:00,6.4수,18:30,키움 히어로즈,서울,8,1,0,6,0,1,패
2014-06-04 19:00,6.4수,18:30,NC 다이노스,서울,23,7,0,7,1,0,승
2014-06-05 19:00,6.5목,18:30,한화 이글스,대전,6,1,0,6,2,1,패
2014-06-05 19:00,6.5목,18:30,롯데 자이언츠,대전,12,0,1,6,0,1,승
2014-06-05 19:00,6.5목,18:30,KIA 타이거즈,광주,15,1,1,13,0,2,승
2014-06-05 19:00,6.5목,18:30,삼성 라이온즈,광주,17,1,4,6,0,2,패
2014-06-05 19:00,6.5목,18:30,두산 베어스,서울,4,0,0,7,2,1,패
2014-06-05 19:00,6.5목,18:30,SK 와이번스,서울,10,1,1,8,0,0,승
2014-06-05 19:00,6.5목,18:30,키움 히어로즈,서울,8,1,3,8,0,1,패
2014-06-05 19:00,6.5목,18:30,NC 다이노스,서울,11,2,4,5,0,1,승
2014-06-06 17:00,6.6금,17:00,KIA 타이거즈,광주,13,0,2,7,1,1,승
2014-06-06 17:00,6.6금,17:00,LG 트윈스,광주,6,0,3,9,0,0,패
2014-06-06 17:00,6.6금,17:00,롯데 자이언츠,부산,8,2,0,8,0,1,패
2014-06-06 17:00,6.6금,17:00,SK 와이번스,부산,14,1,2,6,1,1,승
2014-06-06 17:00,6.6금,17:00,두산 베어스,서울,15,1,0,2,2,0,패
2014-06-06 17:00,6.6금,17:00,키움 히어로즈,서울,20,7,0,5,0,1,승
2014-06-06 17:00,6.6금,17:00,삼성 라이온즈,대구,6,0,2,2,0,1,패
2014-06-06 17:00,6.6금,17:00,한화 이글스,대구,13,3,0,4,0,2,승
2014-06-07 17:00,6.7토,17:00,KIA 타이거즈,광주,11,3,1,3,0,0,승
2014-06-07 17:00,6.7토,17:00,LG 트윈스,광주,5,0,0,3,1,0,패
2014-06-07 17:00,6.7토,17:00,롯데 자이언츠,부산,10,1,1,7,0,1,승
2014-06-07 17:00,6.7토,17:00,SK 와이번스,부산,9,0,0,10,0,0,패
2014-06-07 17:00,6.7토,17:00,두산 베어스,서울,10,3,1,7,1,1,패
2014-06-07 17:00,6.7토,17:00,키움 히어로즈,서울,13,4,2,7,0,1,승
2014-06-07 17:00,6.7토,17:00,삼성 라이온즈,대구,11,1,0,2,0,0,승
2014-06-07 17:00,6.7토,17:00,한화 이글스,대구,8,2,0,4,2,2,패
2014-06-08 17:00,6.8일,17:00,KIA 타이거즈,광주,10,0,0,6,0,0,패
2014-06-08 17:00,6.8일,17:00,LG 트윈스,광주,21,2,0,8,1,1,승
2014-06-08 17:00,6.8일,17:00,롯데 자이언츠,부산,6,1,0,8,1,0,승
2014-06-08 17:00,6.8일,17:00,SK 와이번스,부산,7,0,0,8,1,1,패
2014-06-08 17:00,6.8일,17:00,두산 베어스,서울,16,4,1,8,1,0,승
2014-06-08 17:00,6.8일,17:00,키움 히어로즈,서울,12,1,2,8,0,2,패
2014-06-08 17:00,6.8일,17:00,삼성 라이온즈,대구,13,0,0,1,1,0,승
2014-06-08 17:00,6.8일,17:00,한화 이글스,대구,12,1,0,8,0,1,패
2014-06-10 19:00,6.10화,18:30,한화 이글스,대전,17,1,1,9,0,0,승
2014-06-10 19:00,6.10화,18:30,KIA 타이거즈,대전,20,3,2,4,0,2,패
2014-06-10 19:00,6.10화,18:30,LG 트윈스,서울,9,0,2,7,0,1,승
2014-06-10 19:00,6.10화,18:30,롯데 자이언츠,서울,6,2,0,10,0,1,패
2014-06-10 19:00,6.10화,18:30,NC 다이노스,창원,13,1,2,6,1,0,승
2014-06-10 19:00,6.10화,18:30,두산 베어스,창원,11,0,0,6,1,3,패
2014-06-10 19:00,6.10화,18:30,삼성 라이온즈,대구,11,1,1,2,1,1,무
2014-06-10 19:00,6.10화,18:30,키움 히어로즈,대구,7,3,0,7,0,0,무
2014-06-11 19:00,6.11수,18:30,한화 이글스,대전,7,0,0,5,1,0,패
2014-06-11 19:00,6.11수,18:30,KIA 타이거즈,대전,12,1,0,5,1,0,승
2014-06-11 19:00,6.11수,18:30,LG 트윈스,서울,8,0,1,6,1,0,패
2014-06-11 19:00,6.11수,18:30,롯데 자이언츠,서울,7,1,0,9,1,0,승
2014-06-12 19:00,6.12목,18:30,한화 이글스,대전,13,0,0,10,1,0,패
2014-06-12 19:00,6.12목,18:30,KIA 타이거즈,대전,17,2,2,6,0,2,승
2014-06-12 19:00,6.12목,18:30,NC 다이노스,창원,10,0,2,6,1,2,패
2014-06-12 19:00,6.12목,18:30,두산 베어스,창원,9,0,0,5,1,2,승
2014-06-12 19:00,6.12목,18:30,삼성 라이온즈,대구,11,1,0,7,0,1,패
2014-06-12 19:00,6.12목,18:30,키움 히어로즈,대구,13,0,2,8,0,0,승
2014-06-13 19:00,6.13금,18:30,한화 이글스,대전,12,1,0,10,0,0,승
2014-06-13 19:00,6.13금,18:30,NC 다이노스,대전,4,0,1,6,3,1,패
2014-06-13 19:00,6.13금,18:30,KIA 타이거즈,광주,7,1,0,3,2,1,패
2014-06-13 19:00,6.13금,18:30,롯데 자이언츠,광주,11,2,0,3,3,1,승
2014-06-13 19:00,6.13금,18:30,두산 베어스,서울,9,1,0,7,1,0,승
2014-06-13 19:00,6.13금,18:30,삼성 라이온즈,서울,8,3,1,12,1,1,패
2014-06-13 19:00,6.13금,18:30,SK 와이번스,인천,13,0,1,7,2,0,패
2014-06-13 19:00,6.13금,18:30,LG 트윈스,인천,12,3,1,8,0,0,승
2014-06-14 17:00,6.14토,17:00,한화 이글스,대전,9,0,0,8,1,0,패
2014-06-14 17:00,6.14토,17:00,NC 다이노스,대전,18,2,2,7,2,0,승
2014-06-14 17:00,6.14토,17:00,KIA 타이거즈,광주,11,1,1,10,1,0,패
2014-06-14 17:00,6.14토,17:00,롯데 자이언츠,광주,10,2,0,4,0,0,승
2014-06-14 17:00,6.14토,17:00,두산 베어스,서울,11,0,1,7,0,0,패
2014-06-14 17:00,6.14토,17:00,삼성 라이온즈,서울,13,1,2,6,0,2,승
2014-06-14 17:00,6.14토,17:00,SK 와이번스,인천,9,0,2,5,0,2,승
2014-06-14 17:00,6.14토,17:00,LG 트윈스,인천,5,0,2,5,2,1,패
2014-06-15 17:00,6.15일,17:00,한화 이글스,대전,7,0,0,3,3,1,패
2014-06-15 17:00,6.15일,17:00,NC 다이노스,대전,17,2,1,5,0,0,승
2014-06-15 17:00,6.15일,17:00,KIA 타이거즈,광주,11,1,0,9,1,0,승
2014-06-15 17:00,6.15일,17:00,롯데 자이언츠,광주,9,1,0,7,2,1,패
2014-06-15 17:00,6.15일,17:00,두산 베어스,서울,9,1,1,5,0,0,패
2014-06-15 17:00,6.15일,17:00,삼성 라이온즈,서울,8,1,1,4,1,0,승
2014-06-15 17:00,6.15일,17:00,SK 와이번스,인천,11,0,0,11,1,0,패
2014-06-15 17:00,6.15일,17:00,LG 트윈스,인천,14,2,0,7,1,1,승
2014-06-17 19:00,6.17화,18:30,LG 트윈스,서울,8,0,3,10,0,0,패
2014-06-17 19:00,6.17화,18:30,두산 베어스,서울,7,2,0,6,0,0,승
2014-06-17 19:00,6.17화,18:30,롯데 자이언츠,부산,11,0,0,7,1,2,패
2014-06-17 19:00,6.17화,18:30,NC 다이노스,부산,13,0,0,5,2,0,승
2014-06-17 19:00,6.17화,18:30,삼성 라이온즈,대구,12,5,1,6,0,0,승
2014-06-17 19:00,6.17화,18:30,SK 와이번스,대구,11,1,2,10,0,1,패
2014-06-17 19:00,6.17화,18:30,키움 히어로즈,서울,11,2,3,5,2,1,승
2014-06-17 19:00,6.17화,18:30,KIA 타이거즈,서울,8,1,2,12,0,2,패
2014-06-18 19:00,6.18수,18:30,LG 트윈스,서울,12,1,1,5,0,1,승
2014-06-18 19:00,6.18수,18:30,두산 베어스,서울,12,1,2,5,1,2,패
2014-06-18 19:00,6.18수,18:30,롯데 자이언츠,부산,9,0,0,5,3,2,패
2014-06-18 19:00,6.18수,18:30,NC 다이노스,부산,9,0,2,7,0,0,승
2014-06-18 19:00,6.18수,18:30,삼성 라이온즈,대구,10,2,0,4,4,0,승
2014-06-18 19:00,6.18수,18:30,SK 와이번스,대구,14,1,0,14,1,1,패
2014-06-18 19:00,6.18수,18:30,키움 히어로즈,서울,13,2,2,5,1,0,승
2014-06-18 19:00,6.18수,18:30,KIA 타이거즈,서울,12,0,2,9,3,0,패
2014-06-19 19:00,6.19목,18:30,LG 트윈스,서울,16,5,1,4,0,0,승
2014-06-19 19:00,6.19목,18:30,두산 베어스,서울,8,0,2,7,0,0,패
2014-06-19 19:00,6.19목,18:30,롯데 자이언츠,부산,9,1,1,10,3,1,승
2014-06-19 19:00,6.19목,18:30,NC 다이노스,부산,10,0,2,6,1,2,패
2014-06-19 19:00,6.19목,18:30,삼성 라이온즈,대구,12,2,2,6,1,2,승
2014-06-19 19:00,6.19목,18:30,SK 와이번스,대구,8,0,1,5,1,2,패
2014-06-19 19:00,6.19목,18:30,키움 히어로즈,서울,8,1,0,11,1,0,패
2014-06-19 19:00,6.19목,18:30,KIA 타이거즈,서울,6,1,3,3,2,0,승
2014-06-20 19:00,6.20금,18:30,KIA 타이거즈,광주,12,1,0,9,1,1,승
2014-06-20 19:00,6.20금,18:30,두산 베어스,광주,3,0,2,6,0,1,패
2014-06-20 19:00,6.20금,18:30,SK 와이번스,인천,10,1,1,4,2,0,패
2014-06-20 19:00,6.20금,18:30,키움 히어로즈,인천,7,2,1,9,0,0,승
2014-06-20 19:00,6.20금,18:30,삼성 라이온즈,대구,16,4,1,9,0,1,승
2014-06-20 19:00,6.20금,18:30,NC 다이노스,대구,9,1,0,5,0,1,패
2014-06-21 17:00,6.21토,17:00,KIA 타이거즈,광주,6,1,0,2,0,1,승
2014-06-21 17:00,6.21토,17:00,두산 베어스,광주,4,0,2,4,0,0,패
2014-06-21 17:00,6.21토,17:00,LG 트윈스,서울,10,1,1,7,0,0,패
2014-06-21 17:00,6.21토,17:00,한화 이글스,서울,7,1,0,4,0,0,승
2014-06-21 17:00,6.21토,17:00,SK 와이번스,인천,9,2,2,10,2,1,패
2014-06-21 17:00,6.21토,17:00,키움 히어로즈,인천,7,1,0,4,0,0,승
2014-06-22 17:00,6.22일,17:00,KIA 타이거즈,광주,5,0,0,5,0,0,승
2014-06-22 17:00,6.22일,17:00,두산 베어스,광주,2,0,0,2,0,0,패
2014-06-22 17:00,6.22일,17:00,LG 트윈스,서울,10,2,0,2,1,0,승
2014-06-22 17:00,6.22일,17:00,한화 이글스,서울,16,1,0,6,0,0,패
2014-06-22 17:00,6.22일,17:00,SK 와이번스,인천,11,3,0,4,1,0,패
2014-06-22 17:00,6.22일,17:00,키움 히어로즈,인천,16,1,0,3,1,0,승
2014-06-22 17:00,6.22일,17:00,삼성 라이온즈,대구,5,2,1,3,1,0,승
2014-06-22 17:00,6.22일,17:00,NC 다이노스,대구,5,0,1,8,0,1,패
2014-06-23 19:00,6.23월,18:30,LG 트윈스,서울,9,1,0,5,1,0,승
2014-06-23 19:00,6.23월,18:30,한화 이글스,서울,4,0,0,3,2,1,패
2014-06-24 19:00,6.24화,18:30,롯데 자이언츠,부산,10,2,0,4,1,0,패
2014-06-24 19:00,6.24화,18:30,한화 이글스,부산,11,1,0,5,2,1,승
2014-06-24 19:00,6.24화,18:30,NC 다이노스,창원,7,1,1,8,0,0,승
2014-06-24 19:00,6.24화,18:30,LG 트윈스,창원,0,0,0,7,1,1,패
2014-06-24 19:00,6.24화,18:30,SK 와이번스,인천,13,1,6,7,0,0,승
2014-06-24 19:00,6.24화,18:30,KIA 타이거즈,인천,11,1,0,6,0,0,패
2014-06-24 19:00,6.24화,18:30,키움 히어로즈,서울,8,0,1,9,0,1,승
2014-06-24 19:00,6.24화,18:30,삼성 라이온즈,서울,11,0,2,2,0,1,패
2014-06-25 19:00,6.25수,18:30,롯데 자이언츠,부산,16,1,1,3,0,0,승
2014-06-25 19:00,6.25수,18:30,한화 이글스,부산,10,0,0,8,1,2,패
2014-06-25 19:00,6.25수,18:30,NC 다이노스,창원,5,2,0,8,0,0,승
2014-06-25 19:00,6.25수,18:30,LG 트윈스,창원,4,0,2,11,0,1,패
2014-06-25 19:00,6.25수,18:30,SK 와이번스,인천,10,2,0,9,0,2,패
2014-06-25 19:00,6.25수,18:30,KIA 타이거즈,인천,11,0,2,3,2,0,승
2014-06-25 19:00,6.25수,18:30,키움 히어로즈,서울,5,2,0,7,2,6,패
2014-06-25 19:00,6.25수,18:30,삼성 라이온즈,서울,20,1,1,4,1,0,승
2014-06-26 19:00,6.26목,18:30,롯데 자이언츠,부산,17,1,0,10,1,0,승
2014-06-26 19:00,6.26목,18:30,한화 이글스,부산,16,1,1,7,2,2,패
2014-06-26 19:00,6.26목,18:30,NC 다이노스,창원,4,0,1,4,2,1,패
2014-06-26 19:00,6.26목,18:30,LG 트윈스,창원,7,0,1,4,0,2,승
2014-06-26 19:00,6.26목,18:30,SK 와이번스,인천,9,0,2,5,2,2,패
2014-06-26 19:00,6.26목,18:30,KIA 타이거즈,인천,12,1,0,6,1,0,승
2014-06-26 19:00,6.26목,18:30,키움 히어로즈,서울,21,5,2,10,0,1,승
2014-06-26 19:00,6.26목,18:30,삼성 라이온즈,서울,12,2,2,7,2,0,패
2014-06-27 19:00,6.27금,18:30,한화 이글스,대전,9,1,1,5,1,0,승
2014-06-27 19:00,6.27금,18:30,삼성 라이온즈,대전,6,2,1,6,0,1,패
2014-06-27 19:00,6.27금,18:30,LG 트윈스,서울,10,1,0,7,0,1,패
2014-06-27 19:00,6.27금,18:30,SK 와이번스,서울,10,2,0,5,1,0,승
2014-06-27 19:00,6.27금,18:30,NC 다이노스,창원,14,2,1,7,1,0,패
2014-06-27 19:00,6.27금,18:30,롯데 자이언츠,창원,15,2,1,8,0,0,승
2014-06-27 19:00,6.27금,18:30,키움 히어로즈,서울,8,1,0,8,2,1,패
2014-06-27 19:00,6.27금,18:30,두산 베어스,서울,13,1,0,2,0,0,승
2014-06-28 17:00,6.28토,17:00,한화 이글스,대전,12,0,0,6,1,1,패
2014-06-28 17:00,6.28토,17:00,삼성 라이온즈,대전,17,3,1,4,0,0,승
2014-06-28 17:00,6.28토,17:00,LG 트윈스,서울,6,0,0,6,4,1,패
2014-06-28 17:00,6.28토,17:00,SK 와이번스,서울,10,0,1,9,0,1,승
2014-06-28 17:00,6.28토,17:00,NC 다이노스,창원,8,1,1,1,2,0,패
2014-06-28 17:00,6.28토,17:00,롯데 자이언츠,창원,9,0,0,3,0,0,승
2014-06-28 17:00,6.28토,17:00,키움 히어로즈,서울,14,0,0,10,0,1,승
2014-06-28 17:00,6.28토,17:00,두산 베어스,서울,9,0,4,4,2,0,패
2014-06-29 17:00,6.29일,17:00,한화 이글스,대전,10,2,0,5,2,1,패
2014-06-29 17:00,6.29일,17:00,삼성 라이온즈,대전,13,3,0,4,1,1,승
2014-06-29 17:00,6.29일,17:00,LG 트윈스,서울,15,3,0,7,1,0,승
2014-06-29 17:00,6.29일,17:00,SK 와이번스,서울,10,1,1,8,1,2,패
2014-06-29 17:00,6.29일,17:00,NC 다이노스,창원,7,0,0,5,1,2,패
2014-06-29 17:00,6.29일,17:00,롯데 자이언츠,창원,10,2,0,8,0,2,승
2014-06-29 17:00,6.29일,17:00,키움 히어로즈,서울,13,0,1,3,3,0,승
2014-06-29 17:00,6.29일,17:00,두산 베어스,서울,4,0,1,6,1,0,패
2014-08-01 19:00,8.1금,18:30,NC 다이노스,창원,10,1,0,10,0,0,패
2014-08-01 19:00,8.1금,18:30,SK 와이번스,창원,18,2,0,6,0,0,승
2014-08-01 19:00,8.1금,18:30,두산 베어스,서울,9,0,3,6,0,1,패
2014-08-01 19:00,8.1금,18:30,한화 이글스,서울,14,1,1,8,2,0,승
2014-08-01 19:00,8.1금,18:30,삼성 라이온즈,대구,12,1,4,5,0,1,승
2014-08-01 19:00,8.1금,18:30,KIA 타이거즈,대구,14,0,1,7,1,1,패
2014-08-01 19:00,8.1금,18:30,키움 히어로즈,서울,5,0,0,5,2,1,패
2014-08-01 19:00,8.1금,18:30,LG 트윈스,서울,8,2,1,7,1,0,승
2014-08-02 18:00,8.2토,18:00,NC 다이노스,창원,5,0,0,9,0,1,패
2014-08-02 18:00,8.2토,18:00,SK 와이번스,창원,15,2,0,6,1,1,승
2014-08-02 18:00,8.2토,18:00,키움 히어로즈,서울,8,1,0,6,2,0,승
2014-08-02 18:00,8.2토,18:00,LG 트윈스,서울,6,0,0,6,2,1,패
2014-08-03 18:00,8.3일,18:00,두산 베어스,서울,6,1,0,8,0,0,패
2014-08-03 18:00,8.3일,18:00,한화 이글스,서울,10,1,1,7,1,0,승
2014-08-04 19:00,8.4월,18:30,키움 히어로즈,서울,8,2,0,9,1,2,패
2014-08-04 19:00,8.4월,18:30,LG 트윈스,서울,6,0,0,9,3,0,승
2014-08-05 19:00,8.5화,18:30,KIA 타이거즈,광주,8,1,1,5,0,0,패
2014-08-05 19:00,8.5화,18:30,두산 베어스,광주,11,0,0,5,1,0,승
2014-08-05 19:00,8.5화,18:30,NC 다이노스,창원,5,1,0,6,0,0,승
2014-08-05 19:00,8.5화,18:30,롯데 자이언츠,창원,8,0,0,11,0,1,패
2014-08-05 19:00,8.5화,18:30,SK 와이번스,인천,9,2,0,7,2,0,패
2014-08-05 19:00,8.5화,18:30,키움 히어로즈,인천,7,3,0,6,0,0,승
2014-08-05 19:00,8.5화,18:30,삼성 라이온즈,대구,19,5,1,8,1,0,승
2014-08-05 19:00,8.5화,18:30,한화 이글스,대구,9,0,0,12,0,0,패
2014-08-06 19:00,8.6수,18:30,NC 다이노스,창원,12,0,3,11,0,0,패
2014-08-06 19:00,8.6수,18:30,롯데 자이언츠,창원,15,3,0,3,3,1,승
2014-08-06 19:00,8.6수,18:30,삼성 라이온즈,대구,11,1,3,12,0,1,패
2014-08-06 19:00,8.6수,18:30,한화 이글스,대구,8,3,0,9,0,1,승
2014-08-07 19:00,8.7목,18:30,KIA 타이거즈,광주,9,0,2,8,1,1,패
2014-08-07 19:00,8.7목,18:30,SK 와이번스,광주,9,1,1,11,0,2,승
2014-08-07 19:00,8.7목,18:30,LG 트윈스,서울,12,2,1,13,0,3,승
2014-08-07 19:00,8.7목,18:30,NC 다이노스,서울,14,2,1,4,2,2,패
2014-08-07 19:00,8.7목,18:30,키움 히어로즈,서울,11,3,0,11,0,0,승
2014-08-07 19:00,8.7목,18:30,두산 베어스,서울,10,1,1,7,1,0,패
2014-08-08 19:00,8.8금,18:30,KIA 타이거즈,광주,9,0,2,8,0,0,승
2014-08-08 19:00,8.8금,18:30,SK 와이번스,광주,6,0,1,10,1,0,패
2014-08-08 19:00,8.8금,18:30,LG 트윈스,서울,12,2,1,6,0,1,승
2014-08-08 19:00,8.8금,18:30,NC 다이노스,서울,13,1,0,6,1,1,패
2014-08-08 19:00,8.8금,18:30,롯데 자이언츠,부산,12,3,0,8,0,1,패
2014-08-08 19:00,8.8금,18:30,삼성 라이온즈,부산,18,2,0,5,1,1,승
2014-08-08 19:00,8.8금,18:30,키움 히어로즈,서울,21,3,0,7,2,0,승
2014-08-08 19:00,8.8금,18:30,두산 베어스,서울,18,0,0,8,1,1,패
2014-08-09 18:00,8.9토,18:00,한화 이글스,대전,5,0,0,3,0,0,승
2014-08-09 18:00,8.9토,18:00,LG 트윈스,대전,7,0,0,5,1,0,패
2014-08-09 18:00,8.9토,18:00,롯데 자이언츠,부산,9,0,1,8,0,0,패
2014-08-09 18:00,8.9토,18:00,KIA 타이거즈,부산,9,2,0,7,2,0,승
2014-08-09 18:00,8.9토,18:00,SK 와이번스,인천,14,2,0,6,0,0,승
2014-08-09 18:00,8.9토,18:00,NC 다이노스,인천,11,2,1,6,2,1,패
2014-08-09 18:00,8.9토,18:00,삼성 라이온즈,대구,13,0,0,8,0,0,승
2014-08-09 18:00,8.9토,18:00,키움 히어로즈,대구,12,2,0,10,1,0,패
2014-08-10 18:00,8.10일,18:00,롯데 자이언츠,부산,5,2,0,10,0,0,패
2014-08-10 18:00,8.10일,18:00,KIA 타이거즈,부산,8,1,1,7,0,0,승
2014-08-11 19:00,8.11월,18:30,한화 이글스,대전,9,1,1,4,4,2,승
2014-08-11 19:00,8.11월,18:30,LG 트윈스,대전,7,0,0,7,2,1,패
2014-08-11 19:00,8.11월,18:30,SK 와이번스,인천,8,0,0,9,1,0,패
2014-08-11 19:00,8.11월,18:30,NC 다이노스,인천,13,2,1,7,0,0,승
2014-08-11 19:00,8.11월,18:30,삼성 라이온즈,대구,11,2,1,10,1,0,승
2014-08-11 19:00,8.11월,18:30,키움 히어로즈,대구,10,3,5,13,2,0,패
2014-08-12 19:00,8.12화,18:30,NC 다이노스,창원,6,1,0,7,1,2,패
2014-08-12 19:00,8.12화,18:30,KIA 타이거즈,창원,4,1,0,2,0,0,승
2014-08-12 19:00,8.12화,18:30,두산 베어스,서울,14,2,2,7,4,3,승
2014-08-12 19:00,8.12화,18:30,한화 이글스,서울,11,1,0,6,0,1,패
2014-08-12 19:00,8.12화,18:30,SK 와이번스,인천,12,0,1,4,3,0,승
2014-08-12 19:00,8.12화,18:30,LG 트윈스,인천,7,0,0,4,1,1,패
2014-08-12 19:00,8.12화,18:30,키움 히어로즈,서울,15,1,0,7,1,0,승
2014-08-12 19:00,8.12화,18:30,롯데 자이언츠,서울,9,0,0,5,1,1,패
2014-08-13 19:00,8.13수,18:30,NC 다이노스,창원,7,1,1,10,0,0,승
2014-08-13 19:00,8.13수,18:30,KIA 타이거즈,창원,5,0,1,5,2,1,패
2014-08-13 19:00,8.13수,18:30,SK 와이번스,인천,11,0,2,9,0,1,승
2014-08-13 19:00,8.13수,18:30,LG 트윈스,인천,6,1,0,4,1,0,패
2014-08-13 19:00,8.13수,18:30,키움 히어로즈,서울,11,1,1,8,1,0,승
2014-08-13 19:00,8.13수,18:30,롯데 자이언츠,서울,8,0,0,15,0,2,패
2014-08-14 19:00,8.14목,18:30,롯데 자이언츠,부산,10,1,0,8,1,0,승
2014-08-14 19:00,8.14목,18:30,한화 이글스,부산,13,1,0,6,1,1,패
2014-08-14 19:00,8.14목,18:30,두산 베어스,서울,8,1,0,8,0,0,패
2014-08-14 19:00,8.14목,18:30,키움 히어로즈,서울,13,3,0,10,1,0,승
2014-08-14 19:00,8.14목,18:30,삼성 라이온즈,대구,12,0,1,8,2,0,승
2014-08-14 19:00,8.14목,18:30,SK 와이번스,대구,8,0,0,8,2,0,패
2014-08-15 18:00,8.15금,18:00,롯데 자이언츠,부산,12,1,0,8,4,4,패
2014-08-15 18:00,8.15금,18:00,한화 이글스,부산,10,0,0,6,0,1,승
2014-08-15 18:00,8.15금,18:00,NC 다이노스,창원,6,0,0,6,0,0,패
2014-08-15 18:00,8.15금,18:00,LG 트윈스,창원,9,0,0,3,1,0,승
2014-08-15 18:00,8.15금,18:00,두산 베어스,서울,6,1,0,6,2,0,패
2014-08-15 18:00,8.15금,18:00,키움 히어로즈,서울,9,4,1,8,0,0,승
2014-08-15 18:00,8.15금,18:00,삼성 라이온즈,대구,7,3,2,7,1,1,패
2014-08-15 18:00,8.15금,18:00,SK 와이번스,대구,13,3,2,7,0,1,승
2014-08-16 18:00,8.16토,18:00,한화 이글스,대전,8,1,1,8,1,0,패
2014-08-16 18:00,8.16토,18:00,NC 다이노스,대전,9,0,0,4,0,0,승
2014-08-16 18:00,8.16토,18:00,LG 트윈스,서울,9,2,0,8,0,2,패
2014-08-16 18:00,8.16토,18:00,삼성 라이온즈,서울,16,1,2,5,0,0,승
2014-08-16 18:00,8.16토,18:00,롯데 자이언츠,부산,11,0,0,8,2,1,패
2014-08-16 18:00,8.16토,18:00,두산 베어스,부산,11,0,0,3,1,1,승
2014-08-16 18:00,8.16토,18:00,키움 히어로즈,서울,12,1,3,5,0,0,승
2014-08-16 18:00,8.16토,18:00,KIA 타이거즈,서울,16,0,1,7,2,0,패
2014-08-17 18:00,8.17일,18:00,한화 이글스,대전,4,1,0,4,1,0,패
2014-08-17 18:00,8.17일,18:00,NC 다이노스,대전,8,1,1,8,1,0,승
2014-08-17 18:00,8.17일,18:00,롯데 자이언츠,부산,10,0,0,5,2,1,패
2014-08-17 18:00,8.17일,18:00,두산 베어스,부산,10,1,2,3,1,1,승
2014-08-19 19:00,8.19화,18:30,한화 이글스,대전,17,0,0,6,2,0,승
2014-08-19 19:00,8.19화,18:30,롯데 자이언츠,대전,9,1,0,7,3,2,패
2014-08-19 19:00,8.19화,18:30,LG 트윈스,서울,16,2,0,10,0,2,승
2014-08-19 19:00,8.19화,18:30,키움 히어로즈,서울,11,1,0,6,0,0,패
2014-08-19 19:00,8.19화,18:30,두산 베어스,서울,13,2,0,9,1,2,승
2014-08-19 19:00,8.19화,18:30,SK 와이번스,서울,16,0,1,9,1,0,패
2014-08-20 19:00,8.20수,18:30,LG 트윈스,서울,4,0,0,6,0,2,패
2014-08-20 19:00,8.20수,18:30,키움 히어로즈,서울,7,0,2,6,0,1,승
2014-08-20 19:00,8.20수,18:30,두산 베어스,서울,5,0,0,6,0,0,패
2014-08-20 19:00,8.20수,18:30,SK 와이번스,서울,9,1,1,8,0,1,승
2014-08-21 19:00,8.21목,18:30,두산 베어스,서울,9,0,1,6,0,1,패
2014-08-21 19:00,8.21목,18:30,삼성 라이온즈,서울,8,1,3,3,0,0,승
2014-08-21 19:00,8.21목,18:30,키움 히어로즈,서울,10,1,0,10,0,0,패
2014-08-21 19:00,8.21목,18:30,NC 다이노스,서울,8,1,1,3,1,0,승
2014-08-22 19:00,8.22금,18:30,KIA 타이거즈,광주,8,1,1,6,2,1,패
2014-08-22 19:00,8.22금,18:30,LG 트윈스,광주,9,0,0,8,1,1,승
2014-08-22 19:00,8.22금,18:30,두산 베어스,서울,14,1,0,9,1,0,승
2014-08-22 19:00,8.22금,18:30,삼성 라이온즈,서울,8,3,2,12,0,0,패
2014-08-22 19:00,8.22금,18:30,SK 와이번스,인천,9,0,0,2,3,1,패
2014-08-22 19:00,8.22금,18:30,한화 이글스,인천,18,0,1,5,1,1,승
2014-08-22 19:00,8.22금,18:30,키움 히어로즈,서울,4,1,0,3,0,1,패
2014-08-22 19:00,8.22금,18:30,NC 다이노스,서울,6,0,2,7,2,0,승
2014-08-23 18:00,8.23토,18:00,한화 이글스,대전,12,0,1,8,0,0,패
2014-08-23 18:00,8.23토,18:00,KIA 타이거즈,대전,9,1,0,4,1,0,승
2014-08-23 18:00,8.23토,18:00,LG 트윈스,서울,7,0,0,8,0,0,승
2014-08-23 18:00,8.23토,18:00,롯데 자이언츠,서울,5,0,0,6,1,0,패
2014-08-23 18:00,8.23토,18:00,NC 다이노스,창원,16,1,2,8,1,1,승
2014-08-23 18:00,8.23토,18:00,두산 베어스,창원,11,1,2,6,0,1,패
2014-08-23 18:00,8.23토,18:00,SK 와이번스,인천,11,1,3,6,2,2,패
2014-08-23 18:00,8.23토,18:00,삼성 라이온즈,인천,13,2,3,4,3,2,승
2014-08-24 18:00,8.24일,18:00,LG 트윈스,서울,8,1,0,8,1,1,승
2014-08-24 18:00,8.24일,18:00,롯데 자이언츠,서울,6,1,0,7,0,1,패
2014-08-24 18:00,8.24일,18:00,NC 다이노스,창원,11,0,1,4,0,1,승
2014-08-24 18:00,8.24일,18:00,두산 베어스,창원,8,0,1,4,0,0,패
2014-08-24 18:00,8.24일,18:00,SK 와이번스,인천,14,3,3,13,0,0,승
2014-08-24 18:00,8.24일,18:00,삼성 라이온즈,인천,12,3,0,5,1,1,패
2014-08-25 19:00,8.25월,18:30,한화 이글스,대전,13,2,0,4,3,0,승
2014-08-25 19:00,8.25월,18:30,KIA 타이거즈,대전,3,0,0,6,2,0,패
2014-08-26 19:00,8.26화,18:30,NC 다이노스,창원,4,0,2,8,1,1,패
2014-08-26 19:00,8.26화,18:30,한화 이글스,창원,9,0,2,11,0,2,승
2014-08-26 19:00,8.26화,18:30,삼성 라이온즈,대구,16,1,5,9,1,2,승
2014-08-26 19:00,8.26화,18:30,롯데 자이언츠,대구,11,1,2,10,1,0,패
2014-08-27 19:00,8.27수,18:30,KIA 타이거즈,광주,8,1,1,9,0,2,패
2014-08-27 19:00,8.27수,18:30,키움 히어로즈,광주,8,2,2,9,0,0,승
2014-08-27 19:00,8.27수,18:30,LG 트윈스,서울,9,0,0,8,0,1,승
2014-08-27 19:00,8.27수,18:30,두산 베어스,서울,6,0,1,8,0,0,패
2014-08-27 19:00,8.27수,18:30,NC 다이노스,창원,6,3,2,13,0,0,패
2014-08-27 19:00,8.27수,18:30,한화 이글스,창원,9,1,0,10,0,0,승
2014-08-27 19:00,8.27수,18:30,삼성 라이온즈,대구,9,0,1,3,1,1,패
2014-08-27 19:00,8.27수,18:30,롯데 자이언츠,대구,15,1,0,8,0,0,승
2014-08-28 19:00,8.28목,18:30,KIA 타이거즈,광주,11,1,3,8,0,4,패
2014-08-28 19:00,8.28목,18:30,롯데 자이언츠,광주,11,0,2,10,1,1,승
2014-08-28 19:00,8.28목,18:30,LG 트윈스,서울,3,0,0,9,1,1,패
2014-08-28 19:00,8.28목,18:30,SK 와이번스,서울,8,1,1,7,0,1,승
2014-08-28 19:00,8.28목,18:30,삼성 라이온즈,대구,13,0,4,9,0,0,패
2014-08-28 19:00,8.28목,18:30,두산 베어스,대구,10,1,1,9,0,1,승
2014-08-28 19:00,8.28목,18:30,키움 히어로즈,서울,11,3,0,5,0,0,승
2014-08-28 19:00,8.28목,18:30,한화 이글스,서울,12,0,0,9,0,0,패
2014-08-29 19:00,8.29금,18:30,KIA 타이거즈,광주,12,1,0,15,0,2,승
2014-08-29 19:00,8.29금,18:30,롯데 자이언츠,광주,8,0,0,11,0,1,패
2014-08-29 19:00,8.29금,18:30,LG 트윈스,서울,16,3,1,4,1,0,승
2014-08-29 19:00,8.29금,18:30,SK 와이번스,서울,7,1,0,8,1,0,패
2014-08-29 19:00,8.29금,18:30,삼성 라이온즈,대구,3,1,1,1,2,0,패
2014-08-29 19:00,8.29금,18:30,두산 베어스,대구,8,1,1,4,0,0,승
2014-08-29 19:00,8.29금,18:30,키움 히어로즈,서울,17,2,1,10,1,0,패
2014-08-29 19:00,8.29금,18:30,한화 이글스,서울,13,2,0,10,1,0,승
2014-08-30 18:00,8.30토,18:00,롯데 자이언츠,부산,6,0,0,10,0,1,패
2014-08-30 18:00,8.30토,18:00,LG 트윈스,부산,4,0,0,4,1,1,승
2014-08-30 18:00,8.30토,18:00,두산 베어스,서울,9,1,1,6,1,1,승
2014-08-30 18:00,8.30토,18:00,NC 다이노스,서울,3,1,1,9,0,2,패
2014-08-30 18:00,8.30토,18:00,SK 와이번스,인천,12,2,1,5,2,1,승
2014-08-30 18:00,8.30토,18:00,KIA 타이거즈,인천,7,0,2,10,1,1,패
2014-08-30 18:00,8.30토,18:00,키움 히어로즈,서울,10,2,1,10,1,1,승
2014-08-30 18:00,8.30토,18:00,삼성 라이온즈,서울,9,1,2,6,0,2,패
2014-08-31 18:00,8.31일,18:00,롯데 자이언츠,부산,8,2,0,8,1,1,승
2014-08-31 18:00,8.31일,18:00,LG 트윈스,부산,6,0,1,6,1,0,패
2014-08-31 18:00,8.31일,18:00,두산 베어스,서울,14,3,1,6,0,1,승
2014-08-31 18:00,8.31일,18:00,NC 다이노스,서울,10,1,0,7,0,0,패
2014-08-31 18:00,8.31일,18:00,SK 와이번스,인천,11,1,1,10,1,0,승
2014-08-31 18:00,8.31일,18:00,KIA 타이거즈,인천,10,1,3,6,0,1,패
2014-08-31 18:00,8.31일,18:00,키움 히어로즈,서울,11,2,0,4,2,0,승
2014-08-31 18:00,8.31일,18:00,삼성 라이온즈,서울,4,0,0,6,1,0,패
2014-09-02 19:00,9.2화,18:30,한화 이글스,대전,12,2,1,4,1,2,무
2014-09-02 19:00,9.2화,18:30,SK 와이번스,대전,6,2,0,4,1,0,무
2014-09-02 19:00,9.2화,18:30,NC 다이노스,창원,14,0,1,16,0,2,무
2014-09-02 19:00,9.2화,18:30,삼성 라이온즈,창원,15,1,1,6,1,2,무
2014-09-04 19:00,9.4목,18:30,한화 이글스,대전,6,0,1,7,3,1,패
2014-09-04 19:00,9.4목,18:30,삼성 라이온즈,대전,12,1,2,5,0,0,승
2014-09-04 19:00,9.4목,18:30,롯데 자이언츠,부산,11,2,0,15,0,3,승
2014-09-04 19:00,9.4목,18:30,SK 와이번스,부산,8,1,0,8,0,0,패
2014-09-04 19:00,9.4목,18:30,NC 다이노스,창원,5,2,1,8,0,0,패
2014-09-04 19:00,9.4목,18:30,키움 히어로즈,창원,13,5,0,6,0,1,승
2014-09-04 19:00,9.4목,18:30,두산 베어스,서울,13,1,0,4,2,0,무
2014-09-04 19:00,9.4목,18:30,LG 트윈스,서울,10,1,2,10,0,2,무
2014-09-05 18:00,9.5금,18:10,두산 베어스,서울,6,0,0,4,0,0,패
2014-09-05 18:00,9.5금,18:10,LG 트윈스,서울,13,0,0,6,1,0,승
2014-09-05 19:00,9.5금,18:30,한화 이글스,대전,2,0,0,14,0,0,패
2014-09-05 19:00,9.5금,18:30,삼성 라이온즈,대전,8,2,1,4,0,0,승
2014-09-05 19:00,9.5금,18:30,롯데 자이언츠,부산,4,1,2,8,1,1,패
2014-09-05 19:00,9.5금,18:30,SK 와이번스,부산,18,1,2,9,0,1,승
2014-09-05 19:00,9.5금,18:30,NC 다이노스,창원,5,0,0,10,2,3,패
2014-09-05 19:00,9.5금,18:30,키움 히어로즈,창원,10,1,3,5,0,0,승
2014-09-06 17:00,9.6토,17:00,KIA 타이거즈,광주,15,3,2,5,1,1,승
2014-09-06 17:00,9.6토,17:00,NC 다이노스,광주,6,0,1,8,0,1,패
2014-09-06 17:00,9.6토,17:00,LG 트윈스,서울,9,1,2,8,1,0,패
2014-09-06 17:00,9.6토,17:00,한화 이글스,서울,12,3,0,2,1,0,승
2014-09-06 17:00,9.6토,17:00,롯데 자이언츠,부산,12,3,1,10,0,0,승
2014-09-06 17:00,9.6토,17:00,키움 히어로즈,부산,11,1,0,5,1,0,패
2014-09-06 17:00,9.6토,17:00,SK 와이번스,인천,8,2,2,4,0,0,승
2014-09-06 17:00,9.6토,17:00,두산 베어스,인천,11,0,1,3,1,1,패
2014-09-07 14:00,9.7일,14:00,KIA 타이거즈,광주,6,0,1,10,1,1,패
2014-09-07 14:00,9.7일,14:00,NC 다이노스,광주,11,0,5,12,0,0,승
2014-09-07 14:00,9.7일,14:00,LG 트윈스,서울,8,1,0,3,2,0,패
2014-09-07 14:00,9.7일,14:00,한화 이글스,서울,11,3,1,5,1,1,승
2014-09-07 14:00,9.7일,14:00,롯데 자이언츠,부산,11,2,0,9,0,0,패
2014-09-07 14:00,9.7일,14:00,키움 히어로즈,부산,11,2,1,3,0,1,승
2014-09-07 14:00,9.7일,14:00,SK 와이번스,인천,13,2,1,7,1,0,승
2014-09-07 14:00,9.7일,14:00,두산 베어스,인천,9,1,0,2,0,0,패
2014-09-09 14:00,9.9화,14:00,한화 이글스,대전,9,1,1,12,0,3,패
2014-09-09 14:00,9.9화,14:00,키움 히어로즈,대전,19,2,0,2,1,1,승
2014-09-09 14:00,9.9화,14:00,LG 트윈스,서울,13,2,1,8,0,2,패
2014-09-09 14:00,9.9화,14:00,KIA 타이거즈,서울,10,0,4,4,0,0,승
2014-09-09 14:00,9.9화,14:00,SK 와이번스,인천,9,3,0,6,0,1,승
2014-09-09 14:00,9.9화,14:00,롯데 자이언츠,인천,10,2,1,6,1,2,패
2014-09-09 14:00,9.9화,14:00,삼성 라이온즈,대구,12,0,1,10,1,0,패
2014-09-09 14:00,9.9화,14:00,NC 다이노스,대구,11,2,4,3,3,0,승
2014-09-10 14:00,9.10수,14:00,한화 이글스,대전,6,0,0,11,2,1,패
2014-09-10 14:00,9.10수,14:00,키움 히어로즈,대전,10,1,2,3,1,0,승
2014-09-10 14:00,9.10수,14:00,LG 트윈스,서울,10,2,2,3,1,2,승
2014-09-10 14:00,9.10수,14:00,KIA 타이거즈,서울,10,0,0,6,1,0,패
2014-09-10 14:00,9.10수,14:00,SK 와이번스,인천,14,1,0,11,2,0,패
2014-09-10 14:00,9.10수,14:00,롯데 자이언츠,인천,19,0,0,5,0,0,승
2014-09-10 14:00,9.10수,14:00,삼성 라이온즈,대구,6,1,1,6,1,0,승
2014-09-10 14:00,9.10수,14:00,NC 다이노스,대구,7,0,2,6,0,0,패
2014-09-11 19:00,9.11목,18:30,한화 이글스,대전,12,1,1,11,0,1,패
2014-09-11 19:00,9.11목,18:30,두산 베어스,대전,16,1,3,6,0,1,승
2014-09-11 19:00,9.11목,18:30,KIA 타이거즈,광주,7,2,0,12,0,0,패
2014-09-11 19:00,9.11목,18:30,삼성 라이온즈,광주,13,0,1,9,0,0,승
2014-09-11 19:00,9.11목,18:30,롯데 자이언츠,부산,9,0,0,10,0,0,승
2014-09-11 19:00,9.11목,18:30,NC 다이노스,부산,7,0,0,6,1,0,패
2014-09-11 19:00,9.11목,18:30,키움 히어로즈,서울,4,0,0,1,0,1,패
2014-09-11 19:00,9.11목,18:30,SK 와이번스,서울,12,1,1,1,0,0,승
2014-09-12 19:00,9.12금,18:30,한화 이글스,대전,7,0,0,6,0,2,패
2014-09-12 19:00,9.12금,18:30,두산 베어스,대전,11,1,0,4,1,0,승
2014-09-12 19:00,9.12금,18:30,KIA 타이거즈,광주,11,0,0,8,1,0,패
2014-09-12 19:00,9.12금,18:30,삼성 라이온즈,광주,19,6,0,6,1,0,승
2014-09-12 19:00,9.12금,18:30,롯데 자이언츠,부산,1,0,0,11,0,1,패
2014-09-12 19:00,9.12금,18:30,NC 다이노스,부산,10,1,0,12,0,0,승
2014-09-12 19:00,9.12금,18:30,키움 히어로즈,서울,4,0,0,7,1,0,패
2014-09-12 19:00,9.12금,18:30,SK 와이번스,서울,7,0,1,8,0,1,승
2014-09-13 17:00,9.13토,17:00,KIA 타이거즈,광주,9,0,1,8,0,0,승
2014-09-13 17:00,9.13토,17:00,한화 이글스,광주,4,1,0,10,0,2,패
2014-09-13 17:00,9.13토,17:00,NC 다이노스,창원,10,3,1,10,0,1,승
2014-09-13 17:00,9.13토,17:00,SK 와이번스,창원,9,0,2,4,1,1,패
2014-09-13 17:00,9.13토,17:00,두산 베어스,서울,14,1,1,9,1,1,승
2014-09-13 17:00,9.13토,17:00,롯데 자이언츠,서울,7,0,0,12,0,0,패
2014-09-13 17:00,9.13토,17:00,삼성 라이온즈,대구,9,0,0,7,2,1,패
2014-09-13 17:00,9.13토,17:00,LG 트윈스,대구,6,0,1,7,0,0,승
2014-09-14 14:00,9.14일,14:00,KIA 타이거즈,광주,13,3,0,5,0,0,패
2014-09-14 14:00,9.14일,14:00,한화 이글스,광주,12,4,0,10,0,0,승
2014-09-14 14:00,9.14일,14:00,NC 다이노스,창원,6,1,0,7,0,2,패
2014-09-14 14:00,9.14일,14:00,SK 와이번스,창원,7,1,1,2,0,0,승
2014-09-14 14:00,9.14일,14:00,두산 베어스,서울,11,0,0,2,0,0,패
2014-09-14 14:00,9.14일,14:00,롯데 자이언츠,서울,8,2,0,6,0,0,승
2014-09-14 14:00,9.14일,14:00,삼성 라이온즈,대구,8,0,0,9,2,1,패
2014-09-14 14:00,9.14일,14:00,LG 트윈스,대구,12,1,0,9,0,1,승
