지점명,일시,기온(°C),강수량(mm),습도(%)
서울,2014-04-01,19.2,,25
서울,2014-04-02,18.7,,21
서울,2014-04-03,10.1,,61
서울,2014-04-04,8.5,,37
서울,2014-04-05,6.5,0,71
서울,2014-04-06,10.7,,39
서울,2014-04-07,13.4,,54
서울,2014-04-08,17.2,,27
서울,2014-04-09,13.1,,75
서울,2014-04-10,17.6,,56
서울,2014-04-11,15.7,,67
서울,2014-04-12,15.6,,64
서울,2014-04-13,19.7,,48
서울,2014-04-14,19.3,,40
서울,2014-04-15,15.7,,71
서울,2014-04-16,18.6,,63
서울,2014-04-17,19.2,,37
서울,2014-04-18,19.6,,41
서울,2014-04-19,15.7,,51
서울,2014-04-20,16.9,,46
서울,2014-04-21,18.3,,34
서울,2014-04-22,20.4,,24
서울,2014-04-23,22.8,,32
서울,2014-04-24,23.2,,22
서울,2014-04-25,23.1,,22
서울,2014-04-26,20.6,,35
서울,2014-04-27,16.9,0,70
서울,2014-04-28,14.9,0,78
서울,2014-04-29,16.8,,62
서울,2014-04-30,19.8,,54
서울,2014-05-01,20,,45
서울,2014-05-02,14.9,0,93
서울,2014-05-03,17.1,,43
서울,2014-05-04,12.3,0.1,75
서울,2014-05-05,13.2,,42
서울,2014-05-06,16.7,,29
서울,2014-05-07,18.9,,37
서울,2014-05-08,16.1,,73
서울,2014-05-09,23,,31
서울,2014-05-10,25.8,,35
서울,2014-05-11,21.1,0.3,59
서울,2014-05-12,19.3,,59
서울,2014-05-13,23.9,,46
서울,2014-05-14,22.8,,45
서울,2014-05-15,21,,41
서울,2014-05-16,23.1,,28
서울,2014-05-17,25,,33
서울,2014-05-18,24.9,,39
서울,2014-05-19,22.2,,52
서울,2014-05-20,27.5,,30
서울,2014-05-21,22.6,,57
서울,2014-05-22,26.4,,37
서울,2014-05-23,24.8,,65
서울,2014-05-24,22.2,,70
서울,2014-05-25,19.1,0,97
서울,2014-05-26,23.4,,36
서울,2014-05-27,27,,40
서울,2014-05-28,26.9,,59
서울,2014-05-29,28.7,,33
서울,2014-05-30,29.6,,36
서울,2014-05-31,29.3,,46
서울,2014-06-01,26.3,,63
서울,2014-06-02,22.7,0.5,83
서울,2014-06-03,18.9,4.5,100
서울,2014-06-04,25.3,,53
서울,2014-06-05,24.2,,56
서울,2014-06-06,28.8,,51
서울,2014-06-07,25.8,,55
서울,2014-06-08,22.5,,72
서울,2014-06-09,25.5,,63
서울,2014-06-10,23.9,1,86
서울,2014-06-11,18.3,0,96
서울,2014-06-12,21.9,,74
서울,2014-06-13,24.8,,66
서울,2014-06-14,26.1,,58
서울,2014-06-15,26.8,,48
서울,2014-06-16,27.9,,46
서울,2014-06-17,26.5,,63
서울,2014-06-18,27.1,,63
서울,2014-06-19,23.5,0,76
서울,2014-06-20,26,0.2,77
서울,2014-06-21,25.7,0,73
서울,2014-06-22,27.3,,63
서울,2014-06-23,21.4,,86
서울,2014-06-24,26.3,,50
서울,2014-06-25,26.5,,61
서울,2014-06-26,27.3,,50
서울,2014-06-27,26.3,,59
서울,2014-06-28,25,,64
서울,2014-06-29,28.2,,54
서울,2014-06-30,29.1,,50
서울,2014-07-01,30.4,,56
서울,2014-07-02,26.7,,76
서울,2014-07-03,24,,76
서울,2014-07-04,31.6,,41
서울,2014-07-05,27.4,,66
서울,2014-07-06,28.1,,52
서울,2014-07-07,31.5,,54
서울,2014-07-08,29.1,,61
서울,2014-07-09,27.3,0,82
서울,2014-07-10,33.3,,30
서울,2014-07-11,29,,60
서울,2014-07-12,26.6,,71
서울,2014-07-13,26.3,,74
서울,2014-07-14,29.7,,54
서울,2014-07-15,29.5,,59
서울,2014-07-16,31.2,,46
서울,2014-07-17,27.6,0,74
서울,2014-07-18,29.7,,62
서울,2014-07-19,29.3,,71
서울,2014-07-20,29.4,,70
서울,2014-07-21,30,,62
서울,2014-07-22,25.9,0.2,85
서울,2014-07-23,23.4,0,89
서울,2014-07-24,24.5,,74
서울,2014-07-25,32.8,,52
서울,2014-07-26,24,,68
서울,2014-07-27,28.4,,68
서울,2014-07-28,29.2,,67
서울,2014-07-29,29.2,,63
서울,2014-07-30,33,,55
서울,2014-07-31,30.4,1.5,82
서울,2014-08-01,33.5,,51
서울,2014-08-02,32.5,,55
서울,2014-08-03,26.1,1.5,100
서울,2014-08-04,29.2,,80
서울,2014-08-05,28.4,,79
서울,2014-08-06,23.6,4,100
서울,2014-08-07,26.7,,79
서울,2014-08-08,29.5,,48
서울,2014-08-09,29.1,,38
서울,2014-08-10,20.8,19,100
서울,2014-08-11,26.9,,68
서울,2014-08-12,29,,61
서울,2014-08-13,24.7,0,61
서울,2014-08-14,22.3,,80
서울,2014-08-15,28.8,,62
서울,2014-08-16,28.9,,65
서울,2014-08-17,23.8,0,80
서울,2014-08-18,23.3,,85
서울,2014-08-19,24.6,,88
서울,2014-08-20,27,,75
서울,2014-08-21,23.7,,87
서울,2014-08-22,26.6,,71
서울,2014-08-23,27.5,,67
서울,2014-08-24,27.5,,68
서울,2014-08-25,27.3,,64
서울,2014-08-26,25.8,1,85
서울,2014-08-27,27.5,,60
서울,2014-08-28,28.8,,53
서울,2014-08-29,27.3,0,62
서울,2014-08-30,27.3,,69
서울,2014-08-31,26.7,,57
서울,2014-09-01,26.7,,65
서울,2014-09-02,25,,65
서울,2014-09-03,20.4,,100
서울,2014-09-04,24.8,,66
서울,2014-09-05,25.9,,65
서울,2014-09-06,29.1,,54
서울,2014-09-07,27.7,,63
서울,2014-09-08,27.3,,54
서울,2014-09-09,24.6,,44
서울,2014-09-10,26.5,,42
서울,2014-09-11,26.7,,49
서울,2014-09-12,21.2,0.1,84
서울,2014-09-13,27,,45
서울,2014-09-14,25.3,,56
서울,2014-09-15,24.9,,57
서울,2014-09-16,23.1,,35
서울,2014-09-17,22,,52
서울,2014-09-18,24.8,,43
서울,2014-09-19,25.5,,38
서울,2014-09-20,25.9,,27
서울,2014-09-21,24.1,,47
서울,2014-09-22,26.1,,36
서울,2014-09-23,25.7,,35
서울,2014-09-24,22.2,,67
서울,2014-09-25,25.3,,58
서울,2014-09-26,21.5,0,84
서울,2014-09-27,23.1,,74
서울,2014-09-28,23.5,,75
서울,2014-09-29,19.2,,96
서울,2014-09-30,20.6,,60
서울,2014-10-01,22.2,,60
서울,2014-10-02,18,1,99
서울,2014-10-03,18.5,,60
서울,2014-10-04,19.7,,49
서울,2014-10-05,20.6,,46
서울,2014-10-06,19.9,,45
서울,2014-10-07,18.3,,46
서울,2014-10-08,20.3,,54
서울,2014-10-09,22.1,,46
서울,2014-10-10,22,,58
서울,2014-10-11,23.1,,49
서울,2014-10-12,25.8,,35
서울,2014-10-13,15.5,,54
서울,2014-10-14,16.3,,43
서울,2014-10-15,15.3,,49
서울,2014-10-16,14.9,,26
서울,2014-10-17,16.9,,48
서울,2014-10-18,19.2,,62
서울,2014-10-19,20.3,,38
서울,2014-10-20,15.4,,98
서울,2014-10-21,12.4,0.5,91
서울,2014-10-22,14.9,,62
서울,2014-10-23,16.7,,56
서울,2014-10-24,18,,71
서울,2014-10-25,18.6,,77
서울,2014-10-26,18.2,,81
서울,2014-10-27,12.9,,32
서울,2014-10-28,14,,34
서울,2014-10-29,16.3,,34
서울,2014-10-30,17.1,,40
인천,2014-04-01,16.7,,27
인천,2014-04-02,14.3,,49
인천,2014-04-03,9.9,,60
인천,2014-04-04,7.3,,56
인천,2014-04-05,6.7,,69
인천,2014-04-06,8.3,,71
인천,2014-04-07,10.8,,65
인천,2014-04-08,13.4,,76
인천,2014-04-09,9.4,,94
인천,2014-04-10,11.6,,87
인천,2014-04-11,12.8,,83
인천,2014-04-12,13.7,,86
인천,2014-04-13,16.3,,57
인천,2014-04-14,14.5,,62
인천,2014-04-15,10.8,,99
인천,2014-04-16,12.1,,93
인천,2014-04-17,16.2,,61
인천,2014-04-18,16.4,,53
인천,2014-04-19,16.6,,49
인천,2014-04-20,14,,70
인천,2014-04-21,16,,53
인천,2014-04-22,18.1,,35
인천,2014-04-23,18,,66
인천,2014-04-24,19.2,,62
인천,2014-04-25,20.1,,34
인천,2014-04-26,18.7,,46
인천,2014-04-27,16.1,0,80
인천,2014-04-28,14.1,0.6,98
인천,2014-04-29,16.1,,71
인천,2014-04-30,17.3,,59
인천,2014-05-01,15,,83
인천,2014-05-02,12.8,,99
인천,2014-05-03,13.4,,51
인천,2014-05-04,10.4,0.3,89
인천,2014-05-05,11.4,,79
인천,2014-05-06,13.4,,43
인천,2014-05-07,16.6,,55
인천,2014-05-08,14.7,,86
인천,2014-05-09,20.2,,40
인천,2014-05-10,22.1,,43
인천,2014-05-11,19.2,0.4,67
인천,2014-05-12,15.3,,92
인천,2014-05-13,18.5,,78
인천,2014-05-14,19.6,,64
인천,2014-05-15,17.6,,68
인천,2014-05-16,20.5,,53
인천,2014-05-17,20.5,,68
인천,2014-05-18,21.3,,48
인천,2014-05-19,17.9,,79
인천,2014-05-20,24.3,,40
인천,2014-05-21,17.7,,89
인천,2014-05-22,21,,77
인천,2014-05-23,18.3,,96
인천,2014-05-24,20,,83
인천,2014-05-25,19,,99
인천,2014-05-26,19.2,,68
인천,2014-05-27,23.1,,62
인천,2014-05-28,23.7,,70
인천,2014-05-29,23.6,,64
인천,2014-05-30,26,,39
인천,2014-05-31,23.8,,78
인천,2014-06-01,24.2,,81
인천,2014-06-02,20.6,0,99
인천,2014-06-03,18.9,2.3,99
인천,2014-06-04,25.8,,61
인천,2014-06-05,24.4,,60
인천,2014-06-06,24.9,,68
인천,2014-06-07,23.9,,75
인천,2014-06-08,21,,91
인천,2014-06-09,22.4,,72
인천,2014-06-10,25.3,,76
인천,2014-06-11,20.3,2.6,90
인천,2014-06-12,20.2,0,80
인천,2014-06-13,21.4,,96
인천,2014-06-14,23.3,,74
인천,2014-06-15,22.8,,82
인천,2014-06-16,23.9,,77
인천,2014-06-17,25.8,,75
인천,2014-06-18,23.9,,85
인천,2014-06-19,21.3,0,99
인천,2014-06-20,23.9,,96
인천,2014-06-21,25.2,,84
인천,2014-06-22,25.8,,71
인천,2014-06-23,22.7,,85
인천,2014-06-24,24.2,,78
인천,2014-06-25,24.8,,76
인천,2014-06-26,24.9,,76
인천,2014-06-27,24.1,,81
인천,2014-06-28,23.5,,87
인천,2014-06-29,25.4,,76
인천,2014-06-30,26.1,,84
인천,2014-07-01,28.6,,64
인천,2014-07-02,24.5,,93
인천,2014-07-03,22.1,,98
인천,2014-07-04,28.3,,66
인천,2014-07-05,24.8,,78
인천,2014-07-06,26.9,,55
인천,2014-07-07,28.4,,73
인천,2014-07-08,27.9,,78
인천,2014-07-09,26.8,,91
인천,2014-07-10,31.4,,49
인천,2014-07-11,25.7,,94
인천,2014-07-12,23.8,,99
인천,2014-07-13,23.7,,99
인천,2014-07-14,26.8,,79
인천,2014-07-15,27,,83
인천,2014-07-16,27.2,,84
인천,2014-07-17,25,,99
인천,2014-07-18,27.2,,91
인천,2014-07-19,27.4,,92
인천,2014-07-20,27.7,,91
인천,2014-07-21,27,,96
인천,2014-07-22,24.3,3.2,99
인천,2014-07-23,22.2,0.1,99
인천,2014-07-24,23.9,,92
인천,2014-07-25,31.1,0,71
인천,2014-07-26,23.5,,94
인천,2014-07-27,26.9,,83
인천,2014-07-28,26.6,,85
인천,2014-07-29,26.4,,93
인천,2014-07-30,29.8,,86
인천,2014-07-31,31.1,,85
인천,2014-08-01,33,,57
인천,2014-08-02,31.7,,63
인천,2014-08-03,26.3,0,99
인천,2014-08-04,27.3,,99
인천,2014-08-05,26.3,,99
인천,2014-08-06,21,1.8,99
인천,2014-08-07,25,,99
인천,2014-08-08,28.7,,60
인천,2014-08-09,29.3,,45
인천,2014-08-10,19.8,4.9,99
인천,2014-08-11,24.4,,99
인천,2014-08-12,26.1,,95
인천,2014-08-13,22.9,0,84
인천,2014-08-14,22.1,,94
인천,2014-08-15,26,,94
인천,2014-08-16,27.2,,72
인천,2014-08-17,23.5,0,97
인천,2014-08-18,22.9,,99
인천,2014-08-19,24.1,,99
인천,2014-08-20,25.7,,97
인천,2014-08-21,24.5,,99
인천,2014-08-22,24.8,,99
인천,2014-08-23,26.1,,92
인천,2014-08-24,25.5,,97
인천,2014-08-25,27.4,,78
인천,2014-08-26,27.1,,81
인천,2014-08-27,27.2,,88
인천,2014-08-28,27,,83
인천,2014-08-29,25.5,0,87
인천,2014-08-30,25.7,,85
인천,2014-08-31,25,,76
인천,2014-09-01,26.5,,82
인천,2014-09-02,24.4,0,82
인천,2014-09-03,20,0,99
인천,2014-09-04,24.2,,90
인천,2014-09-05,24.1,,95
인천,2014-09-06,26.6,,66
인천,2014-09-07,25.7,,91
인천,2014-09-08,25.9,,80
인천,2014-09-09,23.6,,57
인천,2014-09-10,25.2,,63
인천,2014-09-11,25.3,,71
인천,2014-09-12,23.4,,82
인천,2014-09-13,25.3,,82
인천,2014-09-14,23.7,,82
인천,2014-09-15,23.4,,95
인천,2014-09-16,22.5,,45
인천,2014-09-17,22.1,,56
인천,2014-09-18,22.7,,65
인천,2014-09-19,23.7,,66
인천,2014-09-20,23,,74
인천,2014-09-21,22.6,,65
인천,2014-09-22,25.8,,54
인천,2014-09-23,25.6,,44
인천,2014-09-24,22.7,,71
인천,2014-09-25,23.5,,95
인천,2014-09-26,21,,99
인천,2014-09-27,22,,99
인천,2014-09-28,22.1,,99
인천,2014-09-29,18.7,0,99
인천,2014-09-30,21.6,,70
인천,2014-10-01,20.5,,96
인천,2014-10-02,18.4,,95
인천,2014-10-03,18,,75
인천,2014-10-04,20.6,,57
인천,2014-10-05,20,,51
인천,2014-10-06,18.5,,70
인천,2014-10-07,18,,62
인천,2014-10-08,18.4,,77
인천,2014-10-09,20.1,,80
인천,2014-10-10,23.1,,64
인천,2014-10-11,23.4,,55
인천,2014-10-12,25.3,,38
인천,2014-10-13,16.2,,64
인천,2014-10-14,15.5,,58
인천,2014-10-15,15.2,,62
인천,2014-10-16,15.1,,39
인천,2014-10-17,16.4,,63
인천,2014-10-18,17.5,,81
인천,2014-10-19,18.6,,66
인천,2014-10-20,15.8,,99
인천,2014-10-21,12.9,0.1,99
인천,2014-10-22,15.5,,71
인천,2014-10-23,16,,93
인천,2014-10-24,17.5,,94
인천,2014-10-25,17.5,,99
인천,2014-10-26,18,0,99
인천,2014-10-27,12.5,,43
인천,2014-10-28,12.5,,58
인천,2014-10-29,15.4,,58
인천,2014-10-30,16.6,,50
수원,2014-04-01,18.4,,25
수원,2014-04-02,18.8,,19
수원,2014-04-03,8.6,0,80
수원,2014-04-04,8.6,,37
수원,2014-04-05,6.5,,68
수원,2014-04-06,9.9,,37
수원,2014-04-07,12.5,,47
수원,2014-04-08,16,,36
수원,2014-04-09,11.7,,74
수원,2014-04-10,13.3,,64
수원,2014-04-11,14.9,,67
수원,2014-04-12,15.9,,65
수원,2014-04-13,17.7,,54
수원,2014-04-14,17.8,,43
수원,2014-04-15,14.1,,77
수원,2014-04-16,16,,65
수원,2014-04-17,17.8,0,47
수원,2014-04-18,17.9,,43
수원,2014-04-19,17.6,,44
수원,2014-04-20,16,,43
수원,2014-04-21,17.1,,40
수원,2014-04-22,19.6,,22
수원,2014-04-23,20.5,,46
수원,2014-04-24,23,,23
수원,2014-04-25,22.8,,18
수원,2014-04-26,20.3,,36
수원,2014-04-27,16.7,0,76
수원,2014-04-28,13.8,2,92
수원,2014-04-29,17.1,,55
수원,2014-04-30,18.8,,55
수원,2014-05-01,18.7,,49
수원,2014-05-02,14.7,0.1,88
수원,2014-05-03,15.3,,41
수원,2014-05-04,13.2,0,61
수원,2014-05-05,13.1,,36
수원,2014-05-06,16.5,,31
수원,2014-05-07,19.6,,30
수원,2014-05-08,14.7,,78
수원,2014-05-09,20.3,,38
수원,2014-05-10,25.4,,27
수원,2014-05-11,20.9,0,54
수원,2014-05-12,19.5,,58
수원,2014-05-13,23.9,,51
수원,2014-05-14,20.7,,49
수원,2014-05-15,19.1,,51
수원,2014-05-16,22.6,,33
수원,2014-05-17,23.1,,30
수원,2014-05-18,23.4,,39
수원,2014-05-19,21.3,,42
수원,2014-05-20,26.3,,28
수원,2014-05-21,20,,62
수원,2014-05-22,23.9,,57
수원,2014-05-23,22.2,,70
수원,2014-05-24,21.6,,70
수원,2014-05-25,19.5,0.1,93
수원,2014-05-26,23.4,,31
수원,2014-05-27,26.9,,36
수원,2014-05-28,25.1,,56
수원,2014-05-29,27.3,,49
수원,2014-05-30,28.9,,36
수원,2014-05-31,27.5,,54
수원,2014-06-01,26.7,,45
수원,2014-06-02,23.6,0,58
수원,2014-06-03,19.5,0.5,95
수원,2014-06-04,26,,55
수원,2014-06-05,24.6,,50
수원,2014-06-06,26.6,,48
수원,2014-06-07,25.6,,54
수원,2014-06-08,21.9,,76
수원,2014-06-09,24,,55
수원,2014-06-10,25.6,,56
수원,2014-06-11,20.6,,82
수원,2014-06-12,21.7,,68
수원,2014-06-13,24.3,,66
수원,2014-06-14,24.6,,61
수원,2014-06-15,25.3,,53
수원,2014-06-16,26.8,,48
수원,2014-06-17,27.7,,55
수원,2014-06-18,25.7,,63
수원,2014-06-19,24.5,,69
수원,2014-06-20,27.1,,60
수원,2014-06-21,25.6,,69
수원,2014-06-22,26.7,,59
수원,2014-06-23,24,,68
수원,2014-06-24,25.6,,59
수원,2014-06-25,25.4,,63
수원,2014-06-26,26.5,,58
수원,2014-06-27,25.9,,58
수원,2014-06-28,25.2,,58
수원,2014-06-29,27.8,,57
수원,2014-06-30,27.4,,56
수원,2014-07-01,30.1,,52
수원,2014-07-02,24.3,3.6,94
수원,2014-07-03,24,,78
수원,2014-07-04,29,,55
수원,2014-07-05,26.3,,63
수원,2014-07-06,25.8,,56
수원,2014-07-07,30.4,,50
수원,2014-07-08,29.1,,65
수원,2014-07-09,27.9,,77
수원,2014-07-10,30.4,,49
수원,2014-07-11,27.7,,66
수원,2014-07-12,26,,69
수원,2014-07-13,26.4,,74
수원,2014-07-14,28.8,,64
수원,2014-07-15,30.3,,53
수원,2014-07-16,30.1,,52
수원,2014-07-17,26.1,,82
수원,2014-07-18,28.9,,66
수원,2014-07-19,28.5,,73
수원,2014-07-20,29,,69
수원,2014-07-21,29.2,,70
수원,2014-07-22,26.7,,83
수원,2014-07-23,23.4,0.3,97
수원,2014-07-24,26.3,,74
수원,2014-07-25,32.5,,57
수원,2014-07-26,24.2,,75
수원,2014-07-27,27.4,,64
수원,2014-07-28,29.3,,53
수원,2014-07-29,26.5,,76
수원,2014-07-30,31.5,,60
수원,2014-07-31,30.8,,73
수원,2014-08-01,33,,54
수원,2014-08-02,31.6,,50
수원,2014-08-03,26.2,0.1,95
수원,2014-08-04,28.2,,88
수원,2014-08-05,29.1,,79
수원,2014-08-06,23.3,2.7,99
수원,2014-08-07,25.1,,88
수원,2014-08-08,28.7,,55
수원,2014-08-09,28.9,,38
수원,2014-08-10,20.6,17.1,99
수원,2014-08-11,25.4,,65
수원,2014-08-12,27.6,,72
수원,2014-08-13,23.3,0,89
수원,2014-08-14,21,0.1,95
수원,2014-08-15,27,,72
수원,2014-08-16,26.9,,64
수원,2014-08-17,23.5,,79
수원,2014-08-18,23.3,,87
수원,2014-08-19,25.1,,83
수원,2014-08-20,26.5,,78
수원,2014-08-21,24.4,,91
수원,2014-08-22,25.9,,76
수원,2014-08-23,26.6,,74
수원,2014-08-24,27,,72
수원,2014-08-25,26.8,,71
수원,2014-08-26,27.1,,63
수원,2014-08-27,27.7,,57
수원,2014-08-28,27.4,,61
수원,2014-08-29,24.4,7.2,93
수원,2014-08-30,26.4,,65
수원,2014-08-31,25.8,,57
수원,2014-09-01,23.7,1.2,87
수원,2014-09-02,23.5,0,76
수원,2014-09-03,21.1,,97
수원,2014-09-04,24.5,,69
수원,2014-09-05,25.9,,64
수원,2014-09-06,26.6,,62
수원,2014-09-07,26.4,,73
수원,2014-09-08,26.1,,49
수원,2014-09-09,23.6,,43
수원,2014-09-10,24.2,,53
수원,2014-09-11,26.2,,53
수원,2014-09-12,24.3,,70
수원,2014-09-13,26.4,,45
수원,2014-09-14,25.1,,56
수원,2014-09-15,23.5,,67
수원,2014-09-16,22.8,,41
수원,2014-09-17,22.1,,42
수원,2014-09-18,21.2,,63
수원,2014-09-19,24,,47
수원,2014-09-20,24.3,,35
수원,2014-09-21,23.1,,54
수원,2014-09-22,25.5,,36
수원,2014-09-23,25.6,,44
수원,2014-09-24,21.4,,72
수원,2014-09-25,24.5,,57
수원,2014-09-26,23.2,,72
수원,2014-09-27,22.7,,78
수원,2014-09-28,23.5,,72
수원,2014-09-29,20.3,0,92
수원,2014-09-30,21.6,,59
수원,2014-10-01,21.5,,69
수원,2014-10-02,19.3,0.5,86
수원,2014-10-03,17,,67
수원,2014-10-04,20.3,,46
수원,2014-10-05,20.3,,43
수원,2014-10-06,18.5,,56
수원,2014-10-07,17.9,,58
수원,2014-10-08,19.1,,60
수원,2014-10-09,21.2,,58
수원,2014-10-10,23.4,,54
수원,2014-10-11,23.2,,44
수원,2014-10-12,23.9,,42
수원,2014-10-13,16.1,,52
수원,2014-10-14,15.4,,49
수원,2014-10-15,15.3,,51
수원,2014-10-16,15.1,,27
수원,2014-10-17,16,,50
수원,2014-10-18,17.8,,59
수원,2014-10-19,19.7,,48
수원,2014-10-20,15.4,0.3,100
수원,2014-10-21,12.6,0.9,92
수원,2014-10-22,15,,64
수원,2014-10-23,15.7,,66
수원,2014-10-24,16.3,,76
수원,2014-10-25,18.2,,78
수원,2014-10-26,18,,81
수원,2014-10-27,13,,33
수원,2014-10-28,12.3,,47
수원,2014-10-29,15.1,,45
수원,2014-10-30,16.1,,36
대전,2014-04-01,21.4,,25
대전,2014-04-02,22.1,,29
대전,2014-04-03,11.3,0,65
대전,2014-04-04,10.8,,29
대전,2014-04-05,6.6,0,57
대전,2014-04-06,12.7,,27
대전,2014-04-07,16.1,,39
대전,2014-04-08,19.9,,22
대전,2014-04-09,19.5,,43
대전,2014-04-10,20.4,,50
대전,2014-04-11,18,,53
대전,2014-04-12,17.9,,60
대전,2014-04-13,19.8,,32
대전,2014-04-14,21.8,,42
대전,2014-04-15,19.8,,60
대전,2014-04-16,22.5,,27
대전,2014-04-17,12.9,3.5,92
대전,2014-04-18,20.1,,57
대전,2014-04-19,16.2,,50
대전,2014-04-20,20.3,,43
대전,2014-04-21,20.5,,21
대전,2014-04-22,21.2,,26
대전,2014-04-23,23,,29
대전,2014-04-24,24,,29
대전,2014-04-25,24.9,,25
대전,2014-04-26,21.3,,52
대전,2014-04-27,15.8,0.2,90
대전,2014-04-28,14.6,,81
대전,2014-04-29,17,0,89
대전,2014-04-30,19.4,,61
대전,2014-05-01,20.7,,51
대전,2014-05-02,20.6,,65
대전,2014-05-03,20.2,,29
대전,2014-05-04,15.3,,53
대전,2014-05-05,15.5,,25
대전,2014-05-06,18.6,,30
대전,2014-05-07,21.6,,33
대전,2014-05-08,16.3,,71
대전,2014-05-09,22.3,,37
대전,2014-05-10,24.8,,31
대전,2014-05-11,21.1,0.1,58
대전,2014-05-12,20.6,,62
대전,2014-05-13,24.7,,52
대전,2014-05-14,26.6,,45
대전,2014-05-15,23.1,,26
대전,2014-05-16,24.2,,36
대전,2014-05-17,25.1,,38
대전,2014-05-18,26.4,,24
대전,2014-05-19,25.6,,34
대전,2014-05-20,23.7,,52
대전,2014-05-21,23.6,,60
대전,2014-05-22,27,,50
대전,2014-05-23,25.8,,57
대전,2014-05-24,25.7,,67
대전,2014-05-25,20.5,0.4,96
대전,2014-05-26,25,,29
대전,2014-05-27,28.7,,35
대전,2014-05-28,25.5,,52
대전,2014-05-29,30.5,,39
대전,2014-05-30,31.6,,31
대전,2014-05-31,31.9,,37
대전,2014-06-01,26.5,,63
대전,2014-06-02,22.7,,63
대전,2014-06-03,20.3,1,89
대전,2014-06-04,23.4,,69
대전,2014-06-05,22.6,,72
대전,2014-06-06,27.6,,54
대전,2014-06-07,25.4,0,69
대전,2014-06-08,25.4,,67
대전,2014-06-09,21.3,,93
대전,2014-06-10,25.2,,67
대전,2014-06-11,24.3,,66
대전,2014-06-12,17.5,0.3,98
대전,2014-06-13,23.6,,76
대전,2014-06-14,26.3,,58
대전,2014-06-15,27.6,,53
대전,2014-06-16,26.8,,57
대전,2014-06-17,25.3,,74
대전,2014-06-18,29.1,,42
대전,2014-06-19,26.7,,64
대전,2014-06-20,22.5,7.8,97
대전,2014-06-21,23.8,,75
대전,2014-06-22,27.6,,68
대전,2014-06-23,22.5,1,90
대전,2014-06-24,25.8,0,67
대전,2014-06-25,27.6,,61
대전,2014-06-26,29.5,,52
대전,2014-06-27,30.1,,49
대전,2014-06-28,28.2,,54
대전,2014-06-29,27.6,,64
대전,2014-06-30,29.9,,51
대전,2014-07-01,31.2,,48
대전,2014-07-02,24.8,0,77
대전,2014-07-03,21.8,2.1,96
대전,2014-07-04,29.8,,58
대전,2014-07-05,27.6,,71
대전,2014-07-06,22.6,,85
대전,2014-07-07,28.7,,69
대전,2014-07-08,29.4,,74
대전,2014-07-09,28.3,,80
대전,2014-07-10,30.8,,50
대전,2014-07-11,30.2,,57
대전,2014-07-12,26.5,0,73
대전,2014-07-13,27,,75
대전,2014-07-14,30.1,,60
대전,2014-07-15,27.2,,77
대전,2014-07-16,29,,62
대전,2014-07-17,25,,90
대전,2014-07-18,27.3,,85
대전,2014-07-19,29.1,,78
대전,2014-07-20,31.6,,64
대전,2014-07-21,31,,66
대전,2014-07-22,28.6,,76
대전,2014-07-23,28.5,,78
대전,2014-07-24,29.2,,84
대전,2014-07-25,33,,61
대전,2014-07-26,25.5,,69
대전,2014-07-27,28.8,,63
대전,2014-07-28,28.1,,65
대전,2014-07-29,27.5,,80
대전,2014-07-30,33.7,,60
대전,2014-07-31,29.2,,79
대전,2014-08-01,30.9,,67
대전,2014-08-02,26.4,0,80
대전,2014-08-03,26.9,0,89
대전,2014-08-04,26.2,0.1,97
대전,2014-08-05,29.8,,74
대전,2014-08-06,27.6,,85
대전,2014-08-07,21.8,0.5,100
대전,2014-08-08,25.7,,76
대전,2014-08-09,27.3,,65
대전,2014-08-10,24.1,0.7,94
대전,2014-08-11,27.5,,64
대전,2014-08-12,28.7,,69
대전,2014-08-13,22.3,0.2,99
대전,2014-08-14,21.5,,96
대전,2014-08-15,26.6,0,87
대전,2014-08-16,28,,70
대전,2014-08-17,21.1,0.7,100
대전,2014-08-18,22.3,0,99
대전,2014-08-19,25,0,92
대전,2014-08-20,24.8,0,95
대전,2014-08-21,22.1,0.9,100
대전,2014-08-22,27.2,,74
대전,2014-08-23,27.5,,74
대전,2014-08-24,26.4,0,87
대전,2014-08-25,23.8,,95
대전,2014-08-26,28.2,,77
대전,2014-08-27,24.8,,79
대전,2014-08-28,26.7,,64
대전,2014-08-29,26.6,,61
대전,2014-08-30,26.1,,55
대전,2014-08-31,24.5,,64
대전,2014-09-01,27.3,,57
대전,2014-09-02,22,0.2,87
대전,2014-09-03,23.1,,83
대전,2014-09-04,26.4,,69
대전,2014-09-05,26.9,,65
대전,2014-09-06,27.7,,60
대전,2014-09-07,27.1,,69
대전,2014-09-08,27.5,,69
대전,2014-09-09,24.8,,74
대전,2014-09-10,24.9,,56
대전,2014-09-11,25.2,,61
대전,2014-09-12,22.4,0,74
대전,2014-09-13,25.4,,60
대전,2014-09-14,24.9,,53
대전,2014-09-15,24.9,,67
대전,2014-09-16,23.8,,46
대전,2014-09-17,22.4,,59
대전,2014-09-18,22.4,,64
대전,2014-09-19,24,,38
대전,2014-09-20,24.5,,41
대전,2014-09-21,23.7,,61
대전,2014-09-22,25.2,,51
대전,2014-09-23,24.9,,60
대전,2014-09-24,18.4,,96
대전,2014-09-25,24,,70
대전,2014-09-26,22.8,,70
대전,2014-09-27,23.7,,73
대전,2014-09-28,23.4,,73
대전,2014-09-29,19.4,0,93
대전,2014-09-30,20.1,,78
대전,2014-10-01,21.4,,73
대전,2014-10-02,21.6,,70
대전,2014-10-03,18.3,,70
대전,2014-10-04,19.1,,60
대전,2014-10-05,20.4,,54
대전,2014-10-06,18.3,,55
대전,2014-10-07,18.9,,56
대전,2014-10-08,19.4,,62
대전,2014-10-09,20.4,,64
대전,2014-10-10,22.8,,54
대전,2014-10-11,22.3,,51
대전,2014-10-12,20,,69
대전,2014-10-13,17.6,,61
대전,2014-10-14,16.1,,51
대전,2014-10-15,16.9,,53
대전,2014-10-16,14.4,,38
대전,2014-10-17,16.9,,43
대전,2014-10-18,17.5,,50
대전,2014-10-19,18.9,,64
대전,2014-10-20,18.1,0,99
대전,2014-10-21,14.6,0.7,99
대전,2014-10-22,14.8,,81
대전,2014-10-23,15.8,,69
대전,2014-10-24,17.9,,69
대전,2014-10-25,18.4,,59
대전,2014-10-26,18.6,,74
대전,2014-10-27,12.7,,55
대전,2014-10-28,13.3,,51
대전,2014-10-29,15.2,,59
대전,2014-10-30,14.5,,73
대구,2014-04-01,22,,14
대구,2014-04-02,23.1,,17
대구,2014-04-03,14.8,,59
대구,2014-04-04,13.2,,24
대구,2014-04-05,11.9,,26
대구,2014-04-06,14.8,,13
대구,2014-04-07,19,,20
대구,2014-04-08,21.5,,12
대구,2014-04-09,23.7,,12
대구,2014-04-10,14,,32
대구,2014-04-11,15.7,,45
대구,2014-04-12,15.7,,58
대구,2014-04-13,16.8,,32
대구,2014-04-14,23.9,,15
대구,2014-04-15,25,,27
대구,2014-04-16,25.2,,20
대구,2014-04-17,13.7,2,80
대구,2014-04-18,15.5,,70
대구,2014-04-19,13.3,,43
대구,2014-04-20,20.5,,26
대구,2014-04-21,22.5,,19
대구,2014-04-22,20.7,,26
대구,2014-04-23,24.5,,12
대구,2014-04-24,24.3,,16
대구,2014-04-25,26.2,,14
대구,2014-04-26,23.1,,27
대구,2014-04-27,17.6,0.2,57
대구,2014-04-28,14.2,,83
대구,2014-04-29,14.9,2.5,96
대구,2014-04-30,17.3,0.5,86
대구,2014-05-01,24.2,,29
대구,2014-05-02,26,,30
대구,2014-05-03,21.6,,15
대구,2014-05-04,20,,28
대구,2014-05-05,17.9,,15
대구,2014-05-06,21,,14
대구,2014-05-07,21.8,,15
대구,2014-05-08,22.2,,25
대구,2014-05-09,20.9,,31
대구,2014-05-10,22.5,,22
대구,2014-05-11,22.8,,31
대구,2014-05-12,23.9,,27
대구,2014-05-13,29.3,,20
대구,2014-05-14,21.7,,48
대구,2014-05-15,25.4,,13
대구,2014-05-16,27.2,,18
대구,2014-05-17,28.1,,19
대구,2014-05-18,27.5,,34
대구,2014-05-19,27.8,,24
대구,2014-05-20,22.7,,50
대구,2014-05-21,25.8,,30
대구,2014-05-22,22.2,,53
대구,2014-05-23,24.8,,49
대구,2014-05-24,28.9,,41
대구,2014-05-25,22,0,60
대구,2014-05-26,26.7,,19
대구,2014-05-27,30.8,,18
대구,2014-05-28,22.8,,40
대구,2014-05-29,34.8,,13
대구,2014-05-30,35,,12
대구,2014-05-31,36.1,,15
대구,2014-06-01,30.8,,33
대구,2014-06-02,23.2,,42
대구,2014-06-03,21,,78
대구,2014-06-04,22.6,,61
대구,2014-06-05,21,,81
대구,2014-06-06,25.6,,41
대구,2014-06-07,22.7,,56
대구,2014-06-08,25,,57
대구,2014-06-09,22.8,,66
대구,2014-06-10,22.7,,63
대구,2014-06-11,23.3,,57
대구,2014-06-12,21,,73
대구,2014-06-13,25.7,,48
대구,2014-06-14,30.4,,24
대구,2014-06-15,30.6,,24
대구,2014-06-16,30,,30
대구,2014-06-17,25.6,,46
대구,2014-06-18,28.9,,32
대구,2014-06-19,30.1,,35
대구,2014-06-20,23,,65
대구,2014-06-21,21.5,0,76
대구,2014-06-22,25.1,,51
대구,2014-06-23,22.5,1,91
대구,2014-06-24,28.2,,37
대구,2014-06-25,29.5,,38
대구,2014-06-26,30.5,,35
대구,2014-06-27,31.7,,32
대구,2014-06-28,31.3,,25
대구,2014-06-29,28.5,,39
대구,2014-06-30,28.6,,49
대구,2014-07-01,30.7,,46
대구,2014-07-02,27.3,,57
대구,2014-07-03,22,0.5,94
대구,2014-07-04,26.4,,59
대구,2014-07-05,25.8,,65
대구,2014-07-06,21.4,1,94
대구,2014-07-07,25.2,,78
대구,2014-07-08,25.9,0.5,94
대구,2014-07-09,28.8,,72
대구,2014-07-10,33.4,,42
대구,2014-07-11,33.1,,29
대구,2014-07-12,30.1,,40
대구,2014-07-13,29.6,,47
대구,2014-07-14,32.8,,32
대구,2014-07-15,27.4,,71
대구,2014-07-16,30.4,,43
대구,2014-07-17,26.4,,80
대구,2014-07-18,26.7,,71
대구,2014-07-19,31.2,,55
대구,2014-07-20,31.8,,42
대구,2014-07-21,33.5,,37
대구,2014-07-22,31.4,,47
대구,2014-07-23,31.8,,54
대구,2014-07-24,28.3,,72
대구,2014-07-25,31.8,,54
대구,2014-07-26,31.1,,40
대구,2014-07-27,28.9,,44
대구,2014-07-28,29.2,,41
대구,2014-07-29,31.5,,50
대구,2014-07-30,33.7,,44
대구,2014-07-31,25,10.5,89
대구,2014-08-01,30.4,,58
대구,2014-08-02,26.3,1,80
대구,2014-08-03,27.5,,78
대구,2014-08-04,25.7,0,96
대구,2014-08-05,32.6,,57
대구,2014-08-06,30.5,,66
대구,2014-08-07,21.6,5.5,97
대구,2014-08-08,23.6,,80
대구,2014-08-09,26.7,,62
대구,2014-08-10,22.3,1.5,93
대구,2014-08-11,29.1,,40
대구,2014-08-12,31,,38
대구,2014-08-13,26.1,,82
대구,2014-08-14,21.2,1,95
대구,2014-08-15,25.4,,78
대구,2014-08-16,27.9,,60
대구,2014-08-17,24.8,,56
대구,2014-08-18,22,0.5,98
대구,2014-08-19,25.8,0.5,92
대구,2014-08-20,24.7,1,96
대구,2014-08-21,29.2,,51
대구,2014-08-22,29.9,,45
대구,2014-08-23,30.3,,35
대구,2014-08-24,27.4,,66
대구,2014-08-25,22.8,0.5,94
대구,2014-08-26,27.3,,72
대구,2014-08-27,23.6,,68
대구,2014-08-28,25.3,,55
대구,2014-08-29,25,,55
대구,2014-08-30,24.4,,45
대구,2014-08-31,24.1,,54
대구,2014-09-01,25.8,,53
대구,2014-09-02,24,,66
대구,2014-09-03,25.4,0.5,83
대구,2014-09-04,27.7,,46
대구,2014-09-05,29.5,,35
대구,2014-09-06,27.7,,48
대구,2014-09-07,28.4,,54
대구,2014-09-08,30,,38
대구,2014-09-09,27.3,,52
대구,2014-09-10,26.5,,55
대구,2014-09-11,26,,50
대구,2014-09-12,24.3,,59
대구,2014-09-13,24.3,,45
대구,2014-09-14,25,,51
대구,2014-09-15,26.6,,42
대구,2014-09-16,25.2,,54
대구,2014-09-17,22.4,,73
대구,2014-09-18,22.6,,47
대구,2014-09-19,23,,49
대구,2014-09-20,24.7,,27
대구,2014-09-21,25.1,,35
대구,2014-09-22,24.1,,51
대구,2014-09-23,24.6,,54
대구,2014-09-24,19.9,1,95
대구,2014-09-25,23.8,,59
대구,2014-09-26,22,,48
대구,2014-09-27,24.8,,49
대구,2014-09-28,24.7,,52
대구,2014-09-29,21.1,,82
대구,2014-09-30,18.7,,71
대구,2014-10-01,21.1,,62
대구,2014-10-02,23.5,,46
대구,2014-10-03,21,,46
대구,2014-10-04,18.8,,48
대구,2014-10-05,18.8,,44
대구,2014-10-06,20.6,,34
대구,2014-10-07,20.8,,33
대구,2014-10-08,20.8,,44
대구,2014-10-09,22,,45
대구,2014-10-10,21.6,,54
대구,2014-10-11,19.9,,52
대구,2014-10-12,20,,66
대구,2014-10-13,17.9,0.5,63
대구,2014-10-14,16.4,,50
대구,2014-10-15,18.8,,52
대구,2014-10-16,17.4,,14
대구,2014-10-17,18.2,,26
대구,2014-10-18,19.7,,30
대구,2014-10-19,20.2,,43
대구,2014-10-20,19.4,0,97
대구,2014-10-21,15.2,4,93
대구,2014-10-22,14.5,,67
대구,2014-10-23,16.1,,53
대구,2014-10-24,18.7,,52
대구,2014-10-25,20,,41
대구,2014-10-26,20.6,,42
대구,2014-10-27,16.8,,40
대구,2014-10-28,16.4,,33
대구,2014-10-29,16.5,,44
대구,2014-10-30,17.4,,57
창원,2014-04-01,15.7,,63
창원,2014-04-02,17.2,,34
창원,2014-04-03,16.1,,49
창원,2014-04-04,12.2,,34
창원,2014-04-05,12.8,,22
창원,2014-04-06,13,,33
창원,2014-04-07,17.5,,39
창원,2014-04-08,16.7,,20
창원,2014-04-09,18.3,,34
창원,2014-04-10,15.5,,52
창원,2014-04-11,14.3,,47
창원,2014-04-12,15.5,,48
창원,2014-04-13,16.8,,53
창원,2014-04-14,15.3,,33
창원,2014-04-15,21.5,,40
창원,2014-04-16,20,,41
창원,2014-04-17,12.6,5,87
창원,2014-04-18,15.4,,69
창원,2014-04-19,14,,43
창원,2014-04-20,14.1,,61
창원,2014-04-21,18.8,,53
창원,2014-04-22,16.9,,49
창원,2014-04-23,19.2,,24
창원,2014-04-24,19.6,,34
창원,2014-04-25,19.5,,33
창원,2014-04-26,20.4,,46
창원,2014-04-27,16.1,0.1,66
창원,2014-04-28,14.8,0,80
창원,2014-04-29,16.4,,79
창원,2014-04-30,14.7,0,82
창원,2014-05-01,20.2,,58
창원,2014-05-02,20.1,,64
창원,2014-05-03,18.9,,32
창원,2014-05-04,16.9,,39
창원,2014-05-05,18,,19
창원,2014-05-06,16.1,,37
창원,2014-05-07,17.3,,42
창원,2014-05-08,23.2,,21
창원,2014-05-09,17.8,,55
창원,2014-05-10,20.5,,30
창원,2014-05-11,18.9,,57
창원,2014-05-12,23.9,,33
창원,2014-05-13,23.8,,41
창원,2014-05-14,16.9,,64
창원,2014-05-15,25.3,,24
창원,2014-05-16,23.9,,39
창원,2014-05-17,23.2,,28
창원,2014-05-18,20.2,,61
창원,2014-05-19,23.6,,32
창원,2014-05-20,20.1,,70
창원,2014-05-21,26.9,,28
창원,2014-05-22,20.4,,68
창원,2014-05-23,18.6,,72
창원,2014-05-24,22.3,,57
창원,2014-05-25,18.3,0.2,87
창원,2014-05-26,26.4,,22
창원,2014-05-27,24.1,,46
창원,2014-05-28,23.2,,72
창원,2014-05-29,25.3,,53
창원,2014-05-30,27.4,,42
창원,2014-05-31,28.2,,32
창원,2014-06-01,24.9,,55
창원,2014-06-02,18.8,0.5,75
창원,2014-06-03,19.5,,89
창원,2014-06-04,22.9,,58
창원,2014-06-05,21.5,,70
창원,2014-06-06,21.8,,68
창원,2014-06-07,20.4,,74
창원,2014-06-08,20.9,,73
창원,2014-06-09,21.5,,72
창원,2014-06-10,23.6,,67
창원,2014-06-11,22.7,,71
창원,2014-06-12,18.7,,88
창원,2014-06-13,22.1,0.5,76
창원,2014-06-14,25.5,,55
창원,2014-06-15,25.9,,48
창원,2014-06-16,26.6,,42
창원,2014-06-17,22.5,,56
창원,2014-06-18,24,,62
창원,2014-06-19,25.7,,52
창원,2014-06-20,23.7,,70
창원,2014-06-21,21.2,0,82
창원,2014-06-22,22.4,,67
창원,2014-06-23,21.9,0.1,84
창원,2014-06-24,21.9,,86
창원,2014-06-25,24.4,,71
창원,2014-06-26,25.7,,63
창원,2014-06-27,24.5,,66
창원,2014-06-28,27.5,,57
창원,2014-06-29,25.6,,60
창원,2014-06-30,24.8,,73
창원,2014-07-01,25.8,,72
창원,2014-07-02,23.2,,82
창원,2014-07-03,22.8,,86
창원,2014-07-04,24.6,,75
창원,2014-07-05,23.7,,77
창원,2014-07-06,20.7,0,84
창원,2014-07-07,23.3,,86
창원,2014-07-08,25.5,0,90
창원,2014-07-09,27.8,,75
창원,2014-07-10,27.1,,77
창원,2014-07-11,30.6,,44
창원,2014-07-12,25.8,,69
창원,2014-07-13,24.7,,80
창원,2014-07-14,28,,64
창원,2014-07-15,23.4,0.4,88
창원,2014-07-16,25.8,,82
창원,2014-07-17,23.3,2,90
창원,2014-07-18,21.8,2.5,92
창원,2014-07-19,27.8,,72
창원,2014-07-20,25.8,,85
창원,2014-07-21,28.1,,68
창원,2014-07-22,27.3,,75
창원,2014-07-23,28.9,,73
창원,2014-07-24,29.9,,73
창원,2014-07-25,29.3,0,75
창원,2014-07-26,29.6,,63
창원,2014-07-27,24.7,,65
창원,2014-07-28,24.2,0,73
창원,2014-07-29,26.1,,81
창원,2014-07-30,30.7,,48
창원,2014-07-31,30.5,,62
창원,2014-08-01,28.5,0.3,67
창원,2014-08-02,26.3,1,78
창원,2014-08-03,26,1,85
창원,2014-08-04,24.6,0,88
창원,2014-08-05,30.2,,74
창원,2014-08-06,28.8,,71
창원,2014-08-07,25.7,0,83
창원,2014-08-08,25.3,,72
창원,2014-08-09,26.7,,62
창원,2014-08-10,23.1,0.5,91
창원,2014-08-11,26.1,,73
창원,2014-08-12,28.2,,54
창원,2014-08-13,25.5,,70
창원,2014-08-14,21.8,1.5,91
창원,2014-08-15,25.7,,80
창원,2014-08-16,25.7,,77
창원,2014-08-17,24.2,0,74
창원,2014-08-18,23.7,1,93
창원,2014-08-19,25.1,,86
창원,2014-08-20,23.9,1,94
창원,2014-08-21,25.9,,79
창원,2014-08-22,28.5,,66
창원,2014-08-23,27,,70
창원,2014-08-24,25.5,0,88
창원,2014-08-25,24.7,0.5,92
창원,2014-08-26,26,,84
창원,2014-08-27,22.7,,83
창원,2014-08-28,21.7,0.2,89
창원,2014-08-29,24.8,,52
창원,2014-08-30,25.2,,61
창원,2014-08-31,22.7,,76
창원,2014-09-01,24.9,,60
창원,2014-09-02,20.9,1.5,85
창원,2014-09-03,24.1,0.5,90
창원,2014-09-04,25.8,,75
창원,2014-09-05,25.9,,68
창원,2014-09-06,23,,73
창원,2014-09-07,24.5,,76
창원,2014-09-08,24.9,,76
창원,2014-09-09,26,,71
창원,2014-09-10,25,,76
창원,2014-09-11,23.8,,64
창원,2014-09-12,22.8,,75
창원,2014-09-13,24,,54
창원,2014-09-14,23,,68
창원,2014-09-15,24.8,,57
창원,2014-09-16,24.5,,69
창원,2014-09-17,20.9,0,83
창원,2014-09-18,22.3,,57
창원,2014-09-19,21.4,,65
창원,2014-09-20,23.3,,47
창원,2014-09-21,22.3,,62
창원,2014-09-22,24.1,,37
창원,2014-09-23,20.5,0.3,88
창원,2014-09-24,20.8,,93
창원,2014-09-25,23.3,,74
창원,2014-09-26,22.5,,63
창원,2014-09-27,23.6,,60
창원,2014-09-28,23.4,,70
창원,2014-09-29,21.6,,85
창원,2014-09-30,20.5,,67
창원,2014-10-01,21,,71
창원,2014-10-02,21,,70
창원,2014-10-03,21.2,,44
창원,2014-10-04,19.7,,46
창원,2014-10-05,19.2,,51
창원,2014-10-06,19.4,,41
창원,2014-10-07,18.8,,62
창원,2014-10-08,18.9,,62
창원,2014-10-09,19.6,,69
창원,2014-10-10,22,,51
창원,2014-10-11,21.7,,49
창원,2014-10-12,21,,60
창원,2014-10-13,18,,71
창원,2014-10-14,17.1,,55
창원,2014-10-15,17,,64
창원,2014-10-16,17.9,,30
창원,2014-10-17,15.7,,42
창원,2014-10-18,17.4,,39
창원,2014-10-19,18.8,,63
창원,2014-10-20,20.8,0,87
창원,2014-10-21,17.3,1.5,85
창원,2014-10-22,15,,68
창원,2014-10-23,15.1,,65
창원,2014-10-24,18.1,,64
창원,2014-10-25,19,,55
창원,2014-10-26,18.9,,74
창원,2014-10-27,16.9,,67
창원,2014-10-28,15.3,,46
창원,2014-10-29,16.2,,64
창원,2014-10-30,16.9,,72
광주,2014-04-01,19,,33
광주,2014-04-02,20.2,,26
광주,2014-04-03,11.8,,65
광주,2014-04-04,9.7,,26
광주,2014-04-05,5.9,,55
광주,2014-04-06,10.8,,27
광주,2014-04-07,15.4,,24
광주,2014-04-08,18.8,,31
광주,2014-04-09,17.9,,47
광주,2014-04-10,21.8,,39
광주,2014-04-11,19.3,,36
광주,2014-04-12,20.4,,32
광주,2014-04-13,16.5,,64
광주,2014-04-14,19.6,,26
광주,2014-04-15,18.7,,54
광주,2014-04-16,20,,17
광주,2014-04-17,11.8,0.5,90
광주,2014-04-18,16.4,,77
광주,2014-04-19,16.4,,46
광주,2014-04-20,17.8,,47
광주,2014-04-21,19.7,,34
광주,2014-04-22,19.4,,24
광주,2014-04-23,22.2,,25
광주,2014-04-24,23,,22
광주,2014-04-25,22.3,,23
광주,2014-04-26,20.4,,42
광주,2014-04-27,14.7,1.5,87
광주,2014-04-28,15.6,0,81
광주,2014-04-29,16.3,,80
광주,2014-04-30,18.4,,54
광주,2014-05-01,20.8,,36
광주,2014-05-02,20.5,,59
광주,2014-05-03,20.1,,24
광주,2014-05-04,16.2,,50
광주,2014-05-05,15.3,,23
광주,2014-05-06,19.2,,27
광주,2014-05-07,20.5,,31
광주,2014-05-08,16.8,,52
광주,2014-05-09,24.2,,23
광주,2014-05-10,23.4,,30
광주,2014-05-11,18.2,0.1,70
광주,2014-05-12,21.1,,52
광주,2014-05-13,25.4,,39
광주,2014-05-14,17.7,,66
광주,2014-05-15,21.9,,36
광주,2014-05-16,23.3,,40
광주,2014-05-17,25.3,,22
광주,2014-05-18,24.9,,34
광주,2014-05-19,24.5,,31
광주,2014-05-20,21.7,,69
광주,2014-05-21,23.2,,47
광주,2014-05-22,25.8,,54
광주,2014-05-23,25.5,,53
광주,2014-05-24,24.8,,47
광주,2014-05-25,19.5,,77
광주,2014-05-26,25.2,,19
광주,2014-05-27,27.2,,40
광주,2014-05-28,24.5,,52
광주,2014-05-29,29.7,,27
광주,2014-05-30,30.8,,24
광주,2014-05-31,30.3,,39
광주,2014-06-01,25.9,,41
광주,2014-06-02,20,,68
광주,2014-06-03,19,0,87
광주,2014-06-04,26.3,,54
광주,2014-06-05,24.3,,56
광주,2014-06-06,23.2,,66
광주,2014-06-07,24.6,,59
광주,2014-06-08,24.7,,60
광주,2014-06-09,23.5,,67
광주,2014-06-10,25.9,,56
광주,2014-06-11,24.8,,54
광주,2014-06-12,23.8,,57
광주,2014-06-13,25.2,,53
광주,2014-06-14,26.2,,42
광주,2014-06-15,26.4,,45
광주,2014-06-16,24.8,,65
광주,2014-06-17,22.4,,63
광주,2014-06-18,26,,43
광주,2014-06-19,27.2,,49
광주,2014-06-20,25.3,,59
광주,2014-06-21,21.9,0,84
광주,2014-06-22,25.8,,61
광주,2014-06-23,22.6,0.5,78
광주,2014-06-24,26.8,,45
광주,2014-06-25,25.5,,61
광주,2014-06-26,26.3,,61
광주,2014-06-27,28.9,,46
광주,2014-06-28,27.8,,48
광주,2014-06-29,27.7,,44
광주,2014-06-30,29.4,,40
광주,2014-07-01,27.9,,51
광주,2014-07-02,19.8,3.5,88
광주,2014-07-03,22,,90
광주,2014-07-04,25.7,,70
광주,2014-07-05,25,,71
광주,2014-07-06,21.6,,83
광주,2014-07-07,24.7,,72
광주,2014-07-08,28.6,0.1,72
광주,2014-07-09,26.6,0,78
광주,2014-07-10,28,,54
광주,2014-07-11,31.3,,40
광주,2014-07-12,28,,52
광주,2014-07-13,27.1,,62
광주,2014-07-14,28.7,,62
광주,2014-07-15,24.9,0,65
광주,2014-07-16,25.4,0.3,81
광주,2014-07-17,22.5,0,91
광주,2014-07-18,26.4,0,85
광주,2014-07-19,30.6,,59
광주,2014-07-20,30.4,,63
광주,2014-07-21,29.7,,64
광주,2014-07-22,29,,63
광주,2014-07-23,29.8,,61
광주,2014-07-24,30.1,,71
광주,2014-07-25,29.5,0,67
광주,2014-07-26,27,,58
광주,2014-07-27,29.4,,40
광주,2014-07-28,19.9,2.5,85
광주,2014-07-29,29.7,,61
광주,2014-07-30,32.1,,52
광주,2014-07-31,32.1,,47
광주,2014-08-01,29.1,,59
광주,2014-08-02,24.5,2,86
광주,2014-08-03,25.6,,78
광주,2014-08-04,24.4,0,91
광주,2014-08-05,30.7,,61
광주,2014-08-06,30.7,,59
광주,2014-08-07,23,0.5,91
광주,2014-08-08,25.7,,68
광주,2014-08-09,28,,56
광주,2014-08-10,27.2,,60
광주,2014-08-11,26,,52
광주,2014-08-12,29,,56
광주,2014-08-13,25.3,0,76
광주,2014-08-14,23,,83
광주,2014-08-15,27.1,,68
광주,2014-08-16,27.8,,65
광주,2014-08-17,22.4,1,91
광주,2014-08-18,24.1,0,87
광주,2014-08-19,22.9,0,88
광주,2014-08-20,24.3,0,88
광주,2014-08-21,25.4,,68
광주,2014-08-22,27.2,,62
광주,2014-08-23,28,,56
광주,2014-08-24,23.2,6.5,92
광주,2014-08-25,26.5,,79
광주,2014-08-26,26.5,,66
광주,2014-08-27,24.7,,80
광주,2014-08-28,22.3,0,83
광주,2014-08-29,24.3,,62
광주,2014-08-30,26,,64
광주,2014-08-31,23.8,,66
광주,2014-09-01,26.9,,50
광주,2014-09-02,20.8,4,91
광주,2014-09-03,22.8,,81
광주,2014-09-04,26.5,,57
광주,2014-09-05,28.4,,55
광주,2014-09-06,28.9,,47
광주,2014-09-07,27.7,,64
광주,2014-09-08,26.8,,59
광주,2014-09-09,24.5,,64
광주,2014-09-10,24.8,,40
광주,2014-09-11,25.8,,57
광주,2014-09-12,21.2,0.5,82
광주,2014-09-13,26.5,,45
광주,2014-09-14,25,,51
광주,2014-09-15,24.3,,61
광주,2014-09-16,23.1,,52
광주,2014-09-17,24,,45
광주,2014-09-18,23.3,,54
광주,2014-09-19,22,,56
광주,2014-09-20,23.9,,49
광주,2014-09-21,25.6,,37
광주,2014-09-22,25.8,,38
광주,2014-09-23,22.7,0,61
광주,2014-09-24,19.8,0.5,87
광주,2014-09-25,23.5,,67
광주,2014-09-26,23.7,0.1,70
광주,2014-09-27,24.2,,65
광주,2014-09-28,26.3,,52
광주,2014-09-29,20,0.5,90
광주,2014-09-30,23.2,,68
광주,2014-10-01,22.4,,61
광주,2014-10-02,21.8,,64
광주,2014-10-03,17.7,,60
광주,2014-10-04,20.6,,47
광주,2014-10-05,20.9,,45
광주,2014-10-06,18.9,,49
광주,2014-10-07,19.7,,47
광주,2014-10-08,21.4,,44
광주,2014-10-09,21,,47
광주,2014-10-10,23.5,,53
광주,2014-10-11,22.8,,45
광주,2014-10-12,16.7,0.5,85
광주,2014-10-13,19,,59
광주,2014-10-14,16.3,,52
광주,2014-10-15,16.8,,51
광주,2014-10-16,15.3,,41
광주,2014-10-17,19.3,,26
광주,2014-10-18,20.7,,24
광주,2014-10-19,20.2,,52
광주,2014-10-20,19.6,2,93
광주,2014-10-21,19.9,0,92
광주,2014-10-22,14.9,,73
광주,2014-10-23,17.7,,54
광주,2014-10-24,18.8,,57
광주,2014-10-25,19.6,,37
광주,2014-10-26,18.9,,62
광주,2014-10-27,14,,42
광주,2014-10-28,16.5,,34
광주,2014-10-29,16,,58
광주,2014-10-30,17.4,,58
부산,2014-04-01,15.6,,68
부산,2014-04-02,16.9,,66
부산,2014-04-03,13.8,,76
부산,2014-04-04,11.2,,46
부산,2014-04-05,12.2,,49
부산,2014-04-06,11.7,,46
부산,2014-04-07,16.8,,45
부산,2014-04-08,15.7,,38
부산,2014-04-09,15.5,,63
부산,2014-04-10,13.1,,47
부산,2014-04-11,13.7,,55
부산,2014-04-12,15.3,,42
부산,2014-04-13,15.5,,56
부산,2014-04-14,15.4,,48
부산,2014-04-15,19.6,,48
부산,2014-04-16,18.5,,52
부산,2014-04-17,13.3,2,98
부산,2014-04-18,14.7,,75
부산,2014-04-19,12.2,,66
부산,2014-04-20,13.5,,72
부산,2014-04-21,17.5,,65
부산,2014-04-22,17.2,,46
부산,2014-04-23,17.9,,64
부산,2014-04-24,20.1,,44
부산,2014-04-25,19.8,,40
부산,2014-04-26,18.9,,70
부산,2014-04-27,17.7,,63
부산,2014-04-28,13.3,1.5,100
부산,2014-04-29,15.7,,88
부산,2014-04-30,14.8,,86
부산,2014-05-01,20.1,,67
부산,2014-05-02,17.5,,89
부산,2014-05-03,16.6,,51
부산,2014-05-04,16.2,,58
부산,2014-05-05,15.4,,58
부산,2014-05-06,15.8,,41
부산,2014-05-07,17.3,,63
부산,2014-05-08,21.2,,63
부산,2014-05-09,17.6,,65
부산,2014-05-10,19.1,,45
부산,2014-05-11,18.3,,75
부산,2014-05-12,21.5,,66
부산,2014-05-13,23.9,,41
부산,2014-05-14,15.4,,77
부산,2014-05-15,20.4,,75
부산,2014-05-16,19.9,,72
부산,2014-05-17,20.6,,62
부산,2014-05-18,21,,71
부산,2014-05-19,22,,71
부산,2014-05-20,17.4,0.5,95
부산,2014-05-21,20.8,,77
부산,2014-05-22,19.4,,82
부산,2014-05-23,18.4,,77
부산,2014-05-24,21.6,,63
부산,2014-05-25,18.3,0.8,98
부산,2014-05-26,21.6,,75
부산,2014-05-27,21.2,,69
부산,2014-05-28,19.9,,93
부산,2014-05-29,21.1,,75
부산,2014-05-30,22.2,,67
부산,2014-05-31,23.5,,65
부산,2014-06-01,22.2,,68
부산,2014-06-02,18.7,0.6,91
부산,2014-06-03,19.5,,93
부산,2014-06-04,20.6,,82
부산,2014-06-05,19.7,,83
부산,2014-06-06,22,,67
부산,2014-06-07,20.2,,81
부산,2014-06-08,20.2,,85
부산,2014-06-09,20.9,,79
부산,2014-06-10,22.7,,74
부산,2014-06-11,21.3,,79
부산,2014-06-12,18.1,9.5,98
부산,2014-06-13,21.2,,87
부산,2014-06-14,23.7,,71
부산,2014-06-15,25.8,,56
부산,2014-06-16,24,,63
부산,2014-06-17,21.2,,72
부산,2014-06-18,23.2,,72
부산,2014-06-19,24.8,,56
부산,2014-06-20,21.9,,80
부산,2014-06-21,20.2,0,92
부산,2014-06-22,21.7,,78
부산,2014-06-23,21.1,,88
부산,2014-06-24,22.4,,83
부산,2014-06-25,22.8,,88
부산,2014-06-26,23.4,,84
부산,2014-06-27,24.8,,72
부산,2014-06-28,26.9,,65
부산,2014-06-29,24.3,,76
부산,2014-06-30,22.9,,88
부산,2014-07-01,24.5,,85
부산,2014-07-02,23.4,0,75
부산,2014-07-03,22.3,,94
부산,2014-07-04,23.9,,81
부산,2014-07-05,23.5,,77
부산,2014-07-06,20.1,0.5,96
부산,2014-07-07,23.2,,95
부산,2014-07-08,27.2,,92
부산,2014-07-09,26.2,0,85
부산,2014-07-10,27.2,,82
부산,2014-07-11,28.7,,62
부산,2014-07-12,25,,74
부산,2014-07-13,22.6,,87
부산,2014-07-14,26.1,,74
부산,2014-07-15,23.2,0.4,96
부산,2014-07-16,23.9,,93
부산,2014-07-17,23.9,0,95
부산,2014-07-18,21.6,3.5,98
부산,2014-07-19,26.7,,78
부산,2014-07-20,27.7,,78
부산,2014-07-21,26.7,,77
부산,2014-07-22,26.3,,82
부산,2014-07-23,28.8,,77
부산,2014-07-24,29.1,,83
부산,2014-07-25,26.9,,92
부산,2014-07-26,27.6,,73
부산,2014-07-27,24.5,,73
부산,2014-07-28,24.2,,76
부산,2014-07-29,26.9,,81
부산,2014-07-30,30.8,,71
부산,2014-07-31,29.8,,78
부산,2014-08-01,27,0.2,83
부산,2014-08-02,24.6,3,93
부산,2014-08-03,25.8,,91
부산,2014-08-04,24.4,,93
부산,2014-08-05,26.5,,87
부산,2014-08-06,29.2,,75
부산,2014-08-07,25,,82
부산,2014-08-08,23.6,,87
부산,2014-08-09,25.9,,75
부산,2014-08-10,22.9,1.5,97
부산,2014-08-11,24.1,,87
부산,2014-08-12,26.1,,74
부산,2014-08-13,26,,68
부산,2014-08-14,21,0.5,97
부산,2014-08-15,24.5,,86
부산,2014-08-16,26.4,,75
부산,2014-08-17,23.9,,72
부산,2014-08-18,24.4,1,98
부산,2014-08-19,24.1,0.5,98
부산,2014-08-20,23.2,5,100
부산,2014-08-21,25.3,,82
부산,2014-08-22,26.9,,75
부산,2014-08-23,26.1,,74
부산,2014-08-24,25.2,0.1,94
부산,2014-08-25,23.1,0,100
부산,2014-08-26,24.9,,91
부산,2014-08-27,22.7,,78
부산,2014-08-28,22.1,0,77
부산,2014-08-29,23.4,,68
부산,2014-08-30,23.3,,71
부산,2014-08-31,22.7,,70
부산,2014-09-01,24.1,,68
부산,2014-09-02,22.6,0.1,77
부산,2014-09-03,23.1,1,96
부산,2014-09-04,25.3,,82
부산,2014-09-05,25.4,,78
부산,2014-09-06,23.9,,70
부산,2014-09-07,24.7,,81
부산,2014-09-08,24.9,,76
부산,2014-09-09,25.4,,79
부산,2014-09-10,24.9,,80
부산,2014-09-11,23.6,,70
부산,2014-09-12,22.8,,69
부산,2014-09-13,23.4,,62
부산,2014-09-14,22.9,,70
부산,2014-09-15,24.2,,74
부산,2014-09-16,24.1,,74
부산,2014-09-17,21.5,,85
부산,2014-09-18,21.5,,61
부산,2014-09-19,22,,59
부산,2014-09-20,23.1,,56
부산,2014-09-21,22.7,,65
부산,2014-09-22,22.9,,61
부산,2014-09-23,22,0.2,76
부산,2014-09-24,20.4,0.5,98
부산,2014-09-25,22.6,,74
부산,2014-09-26,21.6,,60
부산,2014-09-27,22.6,,68
부산,2014-09-28,23.4,,74
부산,2014-09-29,22.8,0,74
부산,2014-09-30,19.5,,77
부산,2014-10-01,19.9,,72
부산,2014-10-02,21.6,,72
부산,2014-10-03,21.4,,58
부산,2014-10-04,18.4,,59
부산,2014-10-05,19.2,,57
부산,2014-10-06,19.3,,54
부산,2014-10-07,19,,61
부산,2014-10-08,19.6,,67
부산,2014-10-09,20.1,,68
부산,2014-10-10,20.6,,68
부산,2014-10-11,19.5,,68
부산,2014-10-12,19.9,0,79
부산,2014-10-13,17.3,,80
부산,2014-10-14,16.1,,59
부산,2014-10-15,17.5,,63
부산,2014-10-16,18.2,,38
부산,2014-10-17,16.1,,45
부산,2014-10-18,18.3,,47
부산,2014-10-19,19.6,,67
부산,2014-10-20,20.9,0.5,93
부산,2014-10-21,15.5,3.5,97
부산,2014-10-22,14,,78
부산,2014-10-23,15.8,,63
부산,2014-10-24,17.7,,73
부산,2014-10-25,18.7,,76
부산,2014-10-26,19.6,,69
부산,2014-10-27,16.5,,67
부산,2014-10-28,17,,63
부산,2014-10-29,16.8,,63
부산,2014-10-30,17.5,,69
서울,2014-04-01,11.4,,54
