day,time_text,team_text,location,H_text,HR_text,S_text,ST_text,DU_text,ER_text,result_text,temp,rain,wind,d_wind,humidity,atmosphere,surface
5.1목,19:00,LG 트윈스,서울,8,1,2,5,1,4,패,17.8,,5.2,250,50,1003.2,16.6
5.1목,19:00,NC 다이노스,서울,12,0,1,4,1,1,승,17.8,,5.2,250,50,1003.2,16.6
5.1목,19:00,키움 히어로즈,서울,8,1,0,10,0,0,승,17.8,,5.2,250,50,1003.2,16.6
5.1목,19:00,두산 베어스,서울,8,1,2,5,1,0,패,17.8,,5.2,250,50,1003.2,16.6
5.1목,19:00,롯데 자이언츠,부산,7,0,1,8,0,0,패,18.1,,5.2,250,73,1004.1,17.5
5.1목,19:00,한화 이글스,부산,8,0,0,7,0,1,승,18.1,,5.2,250,73,1004.1,17.5
5.1목,19:00,SK 와이번스,인천,10,0,1,8,2,8,패,13.8,,2.6,250,89,1005.4,15.5
5.1목,19:00,KIA 타이거즈,인천,21,1,2,3,0,0,승,13.8,,2.6,250,89,1005.4,15.5
5.3토,17:00,롯데 자이언츠,부산,11,0,3,9,1,1,승,17.7,,5.7,200,54,1010,26
5.3토,17:00,SK 와이번스,부산,13,1,2,9,1,0,패,17.7,,5.7,200,54,1010,26
5.3토,17:00,NC 다이노스,창원,13,0,2,6,0,0,승,19.9,,3.6,160,27,1013.1,25.9
5.3토,17:00,삼성 라이온즈,창원,8,0,0,6,0,1,패,19.9,,3.6,160,27,1013.1,25.9
5.3토,17:00,두산 베어스,서울,7,1,0,5,0,0,승,18.2,,5,250,43,1007.9,22.7
5.3토,17:00,LG 트윈스,서울,7,1,0,5,0,1,패,18.2,,5,250,43,1007.9,22.7
5.3토,17:00,키움 히어로즈,서울,7,1,1,5,2,1,승,18.2,,5,250,43,1007.9,22.7
5.3토,17:00,KIA 타이거즈,서울,10,0,4,6,1,0,패,18.2,,5,250,43,1007.9,22.7
5.4일,14:00,롯데 자이언츠,부산,18,4,2,5,1,0,승,18.2,,4.7,230,57,1006.4,31.4
5.4일,14:00,SK 와이번스,부산,6,1,0,6,0,2,패,18.2,,4.7,230,57,1006.4,31.4
5.4일,14:00,NC 다이노스,창원,8,0,0,6,1,0,패,18.9,,3.7,140,29,1009.8,22.8
5.4일,14:00,삼성 라이온즈,창원,9,0,3,2,1,0,승,18.9,,3.7,140,29,1009.8,22.8
5.4일,14:00,두산 베어스,서울,2,0,0,7,0,0,패,19.9,,8.7,230,31,1002,35.1
5.4일,14:00,LG 트윈스,서울,15,0,1,5,0,1,승,19.9,,8.7,230,31,1002,35.1
5.4일,14:00,키움 히어로즈,서울,14,3,1,3,0,2,패,19.9,,8.7,230,31,1002,35.1
5.4일,14:00,KIA 타이거즈,서울,14,1,1,6,2,2,승,19.9,,8.7,230,31,1002,35.1
5.5월,14:00,롯데 자이언츠,부산,9,1,1,11,1,0,패,18.6,,3.6,340,31,1008.2,43.8
5.5월,14:00,SK 와이번스,부산,12,1,3,10,2,2,승,18.6,,3.6,340,31,1008.2,43.8
5.5월,14:00,NC 다이노스,창원,9,0,2,4,0,1,패,19,,2.7,290,16,1011.8,33.5
5.5월,14:00,삼성 라이온즈,창원,5,0,2,6,1,0,승,19,,2.7,290,16,1011.8,33.5
5.5월,14:00,두산 베어스,서울,14,0,1,5,2,1,승,14.9,,6.9,250,34,1006.2,35.4
5.5월,14:00,LG 트윈스,서울,8,0,0,4,1,0,패,14.9,,6.9,250,34,1006.2,35.4
5.5월,14:00,키움 히어로즈,서울,14,3,3,7,2,0,승,14.9,,6.9,250,34,1006.2,35.4
5.5월,14:00,KIA 타이거즈,서울,14,1,0,6,0,2,패,14.9,,6.9,250,34,1006.2,35.4
5.6화,14:00,한화 이글스,대전,10,0,2,5,2,1,패,19.2,,1.7,200,27,1010.1,37
5.6화,14:00,LG 트윈스,대전,15,0,1,7,0,2,승,19.2,,1.7,200,27,1010.1,37
5.6화,14:00,NC 다이노스,창원,13,1,3,9,2,0,승,20,,2,70,22,1013.8,36.6
5.6화,14:00,키움 히어로즈,창원,7,1,0,6,1,0,패,20,,2,70,22,1013.8,36.6
5.6화,14:00,두산 베어스,서울,16,0,0,7,1,0,패,18.3,,6.4,230,29,1007.2,39.9
5.6화,14:00,롯데 자이언츠,서울,24,2,0,4,1,1,승,18.3,,6.4,230,29,1007.2,39.9
5.6화,14:00,삼성 라이온즈,대구,14,0,2,5,0,1,승,19.7,,2.6,340,17,1011.2,44
5.6화,14:00,SK 와이번스,대구,8,1,1,8,0,1,패,19.7,,2.6,340,17,1011.2,44
5.7수,19:00,한화 이글스,대전,15,1,2,7,0,1,승,20,,2,270,37,1002,18.8
5.7수,19:00,LG 트윈스,대전,9,0,3,8,0,1,패,20,,2,270,37,1002,18.8
5.7수,19:00,NC 다이노스,창원,21,6,0,5,1,0,승,16.2,,3.1,160,47,1008.9,16.8
5.7수,19:00,키움 히어로즈,창원,6,2,0,8,0,0,패,16.2,,3.1,160,47,1008.9,16.8
5.7수,19:00,두산 베어스,서울,11,2,0,11,1,0,패,17.7,,6.5,230,48,1000.1,18.3
5.7수,19:00,롯데 자이언츠,서울,12,0,1,9,0,0,승,17.7,,6.5,230,48,1000.1,18.3
5.7수,19:00,삼성 라이온즈,대구,6,0,0,8,0,0,승,20,,1.9,200,22,1004.2,19.8
5.7수,19:00,SK 와이번스,대구,9,1,1,7,2,1,패,20,,1.9,200,22,1004.2,19.8
5.8목,19:00,한화 이글스,대전,11,1,0,5,1,0,승,15.5,,2.4,290,70,1005.5,16.4
5.8목,19:00,LG 트윈스,대전,7,0,0,5,3,0,패,15.5,,2.4,290,70,1005.5,16.4
5.8목,19:00,NC 다이노스,창원,8,0,0,9,0,0,패,21.3,,2,360,28,1005.8,18.4
5.8목,19:00,키움 히어로즈,창원,8,2,1,7,1,1,승,21.3,,2,360,28,1005.8,18.4
5.8목,19:00,두산 베어스,서울,20,6,0,1,3,1,승,15.4,,4,230,75,1002.4,14.8
5.8목,19:00,롯데 자이언츠,서울,11,0,2,8,2,1,패,15.4,,4,230,75,1002.4,14.8
5.8목,19:00,삼성 라이온즈,대구,6,2,1,7,0,0,승,20.4,,3.5,320,31,1004.3,20.1
5.8목,19:00,SK 와이번스,대구,3,0,1,11,1,0,패,20.4,,3.5,320,31,1004.3,20.1
5.9금,19:00,KIA 타이거즈,광주,9,2,0,9,0,0,승,22.3,,0.8,20,27,1008.1,21.3
5.9금,19:00,한화 이글스,광주,7,0,3,12,0,1,패,22.3,,0.8,20,27,1008.1,21.3
5.9금,19:00,LG 트윈스,서울,10,0,1,4,1,2,패,21.4,,2.8,290,39,1006.9,20.1
5.9금,19:00,키움 히어로즈,서울,9,1,2,8,0,1,승,21.4,,2.8,290,39,1006.9,20.1
5.9금,19:00,롯데 자이언츠,부산,9,1,1,9,0,0,승,16.2,,3.6,70,59,1011.8,16.2
5.9금,19:00,NC 다이노스,부산,4,0,0,12,0,2,패,16.2,,3.6,70,59,1011.8,16.2
5.9금,19:00,삼성 라이온즈,대구,17,4,0,1,0,0,승,18.6,,4.9,90,32,1011.5,20.2
5.9금,19:00,두산 베어스,대구,9,0,0,4,1,0,패,18.6,,4.9,90,32,1011.5,20.2
5.10토,17:00,KIA 타이거즈,광주,18,2,2,5,1,0,승,24.3,,5.2,180,26,1009.1,31.9
5.10토,17:00,한화 이글스,광주,9,1,0,3,0,0,패,24.3,,5.2,180,26,1009.1,31.9
5.10토,17:00,LG 트윈스,서울,11,0,2,9,1,1,승,27.4,,3.1,290,29,1007.4,29.4
5.10토,17:00,키움 히어로즈,서울,7,0,1,6,0,2,패,27.4,,3.1,290,29,1007.4,29.4
5.10토,17:00,롯데 자이언츠,부산,6,1,1,5,1,1,패,20.3,,2,70,45,1012.1,28.1
5.10토,17:00,NC 다이노스,부산,8,1,1,10,0,1,승,20.3,,2,70,45,1012.1,28.1
5.10토,17:00,삼성 라이온즈,대구,5,0,1,4,2,2,패,23.9,,4.2,90,22,1012.9,37.8
5.10토,17:00,두산 베어스,대구,15,1,2,5,2,1,승,23.9,,4.2,90,22,1012.9,37.8
5.11일,14:00,KIA 타이거즈,광주,9,1,0,4,0,1,승,21.5,,4.6,160,49,1004,28.3
5.11일,14:00,한화 이글스,광주,6,0,3,6,2,1,패,21.5,,4.6,160,49,1004,28.3
5.11일,14:00,LG 트윈스,서울,4,0,0,6,1,0,패,23.5,,4,90,35,1000.9,28.5
5.11일,14:00,키움 히어로즈,서울,12,3,1,2,2,0,승,23.5,,4,90,35,1000.9,28.5
5.11일,14:00,롯데 자이언츠,부산,6,0,0,4,1,2,패,20.9,,3,90,63,1008.3,41.8
5.11일,14:00,NC 다이노스,부산,12,1,0,4,0,0,승,20.9,,3,90,63,1008.3,41.8
5.11일,14:00,삼성 라이온즈,대구,3,0,1,4,0,1,패,26.4,,3.6,180,27,1007.1,45
5.11일,14:00,두산 베어스,대구,13,2,0,5,1,0,승,26.4,,3.6,180,27,1007.1,45
5.13화,19:00,한화 이글스,대전,7,0,0,7,2,1,패,23.4,,1.4,230,57,998.8,21.5
5.13화,19:00,삼성 라이온즈,대전,13,2,4,2,0,0,승,23.4,,1.4,230,57,998.8,21.5
5.13화,19:00,KIA 타이거즈,광주,7,1,1,7,0,2,패,23.6,,3.8,230,40,999.3,20
5.13화,19:00,NC 다이노스,광주,7,1,1,4,3,1,승,23.6,,3.8,230,40,999.3,20
5.13화,19:00,롯데 자이언츠,부산,6,0,1,7,0,1,패,19.5,,3.9,200,71,999.2,19.2
5.13화,19:00,LG 트윈스,부산,7,1,0,2,1,0,승,19.5,,3.9,200,71,999.2,19.2
5.13화,19:00,두산 베어스,서울,13,1,3,9,0,0,승,22.5,,4.4,250,57,995.6,18.9
5.13화,19:00,SK 와이번스,서울,10,3,0,7,0,1,패,22.5,,4.4,250,57,995.6,18.9
5.14수,19:00,한화 이글스,대전,7,0,2,11,1,0,패,24.2,,3,340,52,990.4,23
5.14수,19:00,삼성 라이온즈,대전,11,0,1,5,1,1,승,24.2,,3,340,52,990.4,23
5.14수,19:00,KIA 타이거즈,광주,12,0,2,8,1,2,패,17.5,,0.7,160,72,991.3,19
5.14수,19:00,NC 다이노스,광주,10,2,3,6,0,0,승,17.5,,0.7,160,72,991.3,19
5.14수,19:00,롯데 자이언츠,부산,9,0,0,6,0,0,패,15.8,,1.3,200,76,991.4,17.2
5.14수,19:00,LG 트윈스,부산,6,0,1,7,1,0,승,15.8,,1.3,200,76,991.4,17.2
5.14수,19:00,두산 베어스,서울,15,3,0,7,0,0,승,20.2,,5.4,270,50,989.4,20.3
5.14수,19:00,SK 와이번스,서울,5,0,2,11,1,1,패,20.2,,5.4,270,50,989.4,20.3
5.15목,19:00,한화 이글스,대전,10,0,0,15,0,0,무,21.1,,2.4,320,32,994.3,20.4
5.15목,19:00,삼성 라이온즈,대전,9,1,0,5,1,0,무,21.1,,2.4,320,32,994.3,20.4
5.15목,19:00,KIA 타이거즈,광주,8,4,2,5,0,1,승,20.1,,1.8,320,43,995.4,18.4
5.15목,19:00,NC 다이노스,광주,10,1,0,14,0,1,패,20.1,,1.8,320,43,995.4,18.4
5.15목,19:00,롯데 자이언츠,부산,14,0,0,9,0,0,승,21.1,,2.6,340,61,992.9,20.5
5.15목,19:00,LG 트윈스,부산,10,1,0,4,1,1,패,21.1,,2.6,340,61,992.9,20.5
5.15목,19:00,두산 베어스,서울,14,1,1,8,0,1,승,20.1,,3.8,250,47,991,20.4
5.15목,19:00,SK 와이번스,서울,4,0,1,7,0,3,패,20.1,,3.8,250,47,991,20.4
5.16금,19:00,NC 다이노스,창원,5,0,0,8,0,0,패,22,,0.4,0,49,1004.2,21.3
5.16금,19:00,두산 베어스,창원,13,3,1,9,0,2,승,22,,0.4,0,49,1004.2,21.3
5.16금,19:00,SK 와이번스,인천,7,1,2,8,1,2,패,19.2,,1.4,270,50,1001.3,17.2
5.16금,19:00,한화 이글스,인천,10,0,1,6,1,0,승,19.2,,1.4,270,50,1001.3,17.2
5.16금,19:00,삼성 라이온즈,대구,6,2,1,5,1,0,승,25.6,,2,320,22,1001.5,24.6
5.16금,19:00,KIA 타이거즈,대구,6,0,3,8,0,0,패,25.6,,2,320,22,1001.5,24.6
5.16금,19:00,키움 히어로즈,서울,7,1,2,6,2,1,패,21.6,,4.7,270,31,999.4,22
5.16금,19:00,롯데 자이언츠,서울,12,0,0,7,1,0,승,21.6,,4.7,270,31,999.4,22
5.17토,17:00,NC 다이노스,창원,4,0,1,2,0,0,패,24.5,,3.9,180,27,1005.8,29.9
5.17토,17:00,두산 베어스,창원,11,0,1,2,2,2,승,24.5,,3.9,180,27,1005.8,29.9
5.17토,17:00,SK 와이번스,인천,16,0,6,6,0,1,승,23.3,,3,270,46,1002.5,28
5.17토,17:00,한화 이글스,인천,10,1,0,8,1,1,패,23.3,,3,270,46,1002.5,28
5.17토,17:00,삼성 라이온즈,대구,18,3,0,6,2,3,승,28.9,,2,340,17,1002.4,40.4
5.17토,17:00,KIA 타이거즈,대구,11,1,1,8,0,2,패,28.9,,2,340,17,1002.4,40.4
5.17토,17:00,키움 히어로즈,서울,13,0,0,3,0,1,승,26,,4.1,230,32,1000.3,28.7
5.17토,17:00,롯데 자이언츠,서울,8,1,0,7,0,5,패,26,,4.1,230,32,1000.3,28.7
5.18일,14:00,NC 다이노스,창원,14,2,0,7,1,1,승,23.3,,4.3,160,46,1008.5,39.1
5.18일,14:00,두산 베어스,창원,10,2,0,2,0,1,패,23.3,,4.3,160,46,1008.5,39.1
5.18일,14:00,SK 와이번스,인천,12,0,0,5,1,0,패,21.9,,3.2,230,65,1004.4,35.8
5.18일,14:00,한화 이글스,인천,13,0,0,3,1,0,승,21.9,,3.2,230,65,1004.4,35.8
5.18일,14:00,삼성 라이온즈,대구,16,1,2,6,0,0,승,28.6,,1.3,140,21,1004.7,53
5.18일,14:00,KIA 타이거즈,대구,6,0,0,4,0,1,패,28.6,,1.3,140,21,1004.7,53
5.18일,14:00,키움 히어로즈,서울,11,1,0,10,0,3,패,26.5,,3,200,33,1001.8,44.6
5.18일,14:00,롯데 자이언츠,서울,12,2,0,3,1,0,승,26.5,,3,200,33,1001.8,44.6
5.20화,19:00,한화 이글스,대전,4,1,1,2,2,2,패,22.4,,0.4,0,58,996.2,22.7
5.20화,19:00,키움 히어로즈,대전,8,2,0,3,2,0,승,22.4,,0.4,0,58,996.2,22.7
5.20화,19:00,LG 트윈스,서울,7,1,1,6,1,1,패,25,,4,270,44,993.8,24.4
5.20화,19:00,KIA 타이거즈,서울,12,4,1,3,0,2,승,25,,4,270,44,993.8,24.4
5.20화,19:00,롯데 자이언츠,부산,8,0,0,12,0,1,패,17.2,,3,20,95,995.7,18.4
5.20화,19:00,삼성 라이온즈,부산,9,1,0,2,0,2,승,17.2,,3,20,95,995.7,18.4
5.20화,19:00,SK 와이번스,인천,7,1,0,1,1,0,패,21.3,,4.6,340,52,996.1,18.9
5.20화,19:00,NC 다이노스,인천,9,2,1,7,0,0,승,21.3,,4.6,340,52,996.1,18.9
5.21수,19:00,한화 이글스,대전,15,2,1,8,2,1,승,21.4,,2.4,200,69,999.2,23.2
5.21수,19:00,키움 히어로즈,대전,11,1,0,8,1,1,패,21.4,,2.4,200,69,999.2,23.2
5.21수,19:00,LG 트윈스,서울,8,1,2,10,0,0,승,21.2,,4.9,270,62,996.7,22.8
5.21수,19:00,KIA 타이거즈,서울,8,0,0,7,1,1,패,21.2,,4.9,270,62,996.7,22.8
5.21수,19:00,롯데 자이언츠,부산,13,0,0,9,0,1,패,19.3,,2.5,90,78,998.1,20.4
5.21수,19:00,삼성 라이온즈,부산,7,3,2,4,0,0,승,19.3,,2.5,90,78,998.1,20.4
5.21수,19:00,SK 와이번스,인천,16,2,0,9,0,0,승,16.1,,2.7,230,98,999,15.9
5.21수,19:00,NC 다이노스,인천,8,0,1,7,0,0,패,16.1,,2.7,230,98,999,15.9
5.22목,19:00,한화 이글스,대전,20,1,0,5,1,2,승,25.2,,1.9,230,62,1003.9,26
5.22목,19:00,키움 히어로즈,대전,9,0,0,4,3,2,패,25.2,,1.9,230,62,1003.9,26
5.22목,19:00,LG 트윈스,서울,21,0,2,5,1,1,승,24.8,,3.8,270,45,1001.4,25.2
5.22목,19:00,KIA 타이거즈,서울,15,3,0,7,3,1,패,24.8,,3.8,270,45,1001.4,25.2
5.22목,19:00,롯데 자이언츠,부산,10,1,2,10,0,1,패,18,,3.3,90,84,1006.3,21.5
5.22목,19:00,삼성 라이온즈,부산,9,2,1,6,1,2,승,18,,3.3,90,84,1006.3,21.5
5.22목,19:00,SK 와이번스,인천,9,0,0,14,0,1,승,19.3,,3.2,270,86,1004,21.9
5.22목,19:00,NC 다이노스,인천,8,0,2,4,2,0,패,19.3,,3.2,270,86,1004,21.9
5.23금,19:00,한화 이글스,대전,12,1,0,3,1,1,패,24.5,,2,180,65,1009.1,25.7
5.23금,19:00,두산 베어스,대전,11,1,1,9,0,0,승,24.5,,2,180,65,1009.1,25.7
5.23금,19:00,KIA 타이거즈,광주,6,0,0,7,1,0,패,23.9,,2.8,200,60,1009.5,25
5.23금,19:00,롯데 자이언츠,광주,3,0,0,8,0,0,승,23.9,,2.8,200,60,1009.5,25
5.23금,19:00,LG 트윈스,서울,12,1,1,8,0,1,승,22.8,,5.4,230,68,1007,25.5
5.23금,19:00,SK 와이번스,서울,8,1,2,10,1,2,패,22.8,,5.4,230,68,1007,25.5
5.23금,19:00,키움 히어로즈,서울,6,1,1,5,0,0,패,22.8,,5.4,230,68,1007,25.5
5.23금,19:00,삼성 라이온즈,서울,11,2,1,5,0,1,승,22.8,,5.4,230,68,1007,25.5
5.24토,17:00,한화 이글스,대전,15,0,2,6,0,1,승,27.8,,1.5,250,60,1006.4,33.6
5.24토,17:00,두산 베어스,대전,14,0,0,5,1,2,패,27.8,,1.5,250,60,1006.4,33.6
5.24토,17:00,KIA 타이거즈,광주,12,1,0,3,0,2,승,25.6,,4.5,200,45,1007.3,29.5
5.24토,17:00,롯데 자이언츠,광주,2,0,0,7,0,1,패,25.6,,4.5,200,45,1007.3,29.5
5.24토,17:00,LG 트윈스,서울,7,2,1,11,2,0,패,24.2,,5.3,270,64,1004.6,28.9
5.24토,17:00,SK 와이번스,서울,8,3,2,5,0,0,승,24.2,,5.3,270,64,1004.6,28.9
5.24토,17:00,키움 히어로즈,서울,6,1,1,7,0,0,패,24.2,,5.3,270,64,1004.6,28.9
5.24토,17:00,삼성 라이온즈,서울,7,3,3,4,0,0,승,24.2,,5.3,270,64,1004.6,28.9
5.25일,14:00,한화 이글스,대전,12,0,3,8,2,0,패,22.7,0,1.5,230,71,1000.7,27.6
5.25일,14:00,두산 베어스,대전,18,1,0,2,2,1,승,22.7,0,1.5,230,71,1000.7,27.6
5.25일,14:00,KIA 타이거즈,광주,14,1,1,4,2,0,승,20.5,0.5,5.1,180,66,1001.5,23.6
5.25일,14:00,롯데 자이언츠,광주,6,1,0,7,0,1,패,20.5,0.5,5.1,180,66,1001.5,23.6
5.25일,14:00,LG 트윈스,서울,6,0,1,5,0,1,패,22.8,,5.2,230,59,997.8,26.6
5.25일,14:00,SK 와이번스,서울,12,0,5,5,0,0,승,22.8,,5.2,230,59,997.8,26.6
5.25일,14:00,키움 히어로즈,서울,5,1,0,11,0,2,패,22.8,,5.2,230,59,997.8,26.6
5.25일,14:00,삼성 라이온즈,서울,23,2,0,7,2,0,승,22.8,,5.2,230,59,997.8,26.6
5.27화,19:00,NC 다이노스,창원,19,5,0,8,1,2,승,22.7,,2.5,200,51,997.4,21.1
5.27화,19:00,한화 이글스,창원,15,0,1,4,1,2,패,22.7,,2.5,200,51,997.4,21.1
5.27화,19:00,두산 베어스,서울,11,1,0,10,0,0,패,26.1,,5.2,200,42,988.4,24.3
5.27화,19:00,KIA 타이거즈,서울,12,0,0,8,2,0,승,26.1,,5.2,200,42,988.4,24.3
5.27화,19:00,SK 와이번스,인천,10,0,0,6,1,1,패,21.9,,5.1,230,72,990.2,20.2
5.27화,19:00,키움 히어로즈,인천,15,3,2,4,2,0,승,21.9,,5.1,230,72,990.2,20.2
5.27화,19:00,삼성 라이온즈,대구,8,0,0,9,1,0,패,29.2,,1.9,200,27,992.9,28.4
5.27화,19:00,LG 트윈스,대구,9,0,1,6,1,2,승,29.2,,1.9,200,27,992.9,28.4
5.28수,19:00,NC 다이노스,창원,17,4,0,9,0,0,승,20.9,,3.4,160,81,997.7,22.2
5.28수,19:00,한화 이글스,창원,7,0,0,7,0,0,패,20.9,,3.4,160,81,997.7,22.2
5.28수,19:00,두산 베어스,서울,13,2,2,4,1,1,승,25.3,,3.3,250,63,990.8,26.6
5.28수,19:00,KIA 타이거즈,서울,12,1,1,10,0,0,패,25.3,,3.3,250,63,990.8,26.6
5.28수,19:00,SK 와이번스,인천,7,1,2,4,1,0,패,21.2,,4.4,290,85,993.2,21.2
5.28수,19:00,키움 히어로즈,인천,7,2,0,2,2,0,승,21.2,,4.4,290,85,993.2,21.2
5.28수,19:00,삼성 라이온즈,대구,12,1,1,1,1,0,승,19.8,0.3,5.2,140,69,996.2,20.7
5.28수,19:00,LG 트윈스,대구,9,0,2,6,1,0,패,19.8,0.3,5.2,140,69,996.2,20.7
5.29목,19:00,NC 다이노스,창원,19,2,0,2,1,0,승,24.3,,3.3,140,54,1002.9,24.4
5.29목,19:00,한화 이글스,창원,16,0,0,4,3,0,패,24.3,,3.3,140,54,1002.9,24.4
5.29목,19:00,두산 베어스,서울,22,1,2,6,0,0,승,26.8,,4.9,270,35,997,26.9
5.29목,19:00,KIA 타이거즈,서울,16,2,2,10,1,0,패,26.8,,4.9,270,35,997,26.9
5.29목,19:00,SK 와이번스,인천,16,1,4,7,1,1,승,21.9,,1.9,270,64,999.3,21.8
5.29목,19:00,키움 히어로즈,인천,7,1,4,10,0,0,패,21.9,,1.9,270,64,999.3,21.8
5.29목,19:00,삼성 라이온즈,대구,8,1,4,5,2,0,승,33.2,,2,340,15,998.8,32.1
5.29목,19:00,LG 트윈스,대구,6,0,1,7,1,1,패,33.2,,2,340,15,998.8,32.1
5.30금,19:00,LG 트윈스,서울,8,0,1,9,0,1,패,27.7,,3.7,270,38,999.9,28.2
5.30금,19:00,키움 히어로즈,서울,13,2,2,7,2,0,승,27.7,,3.7,270,38,999.9,28.2
5.30금,19:00,롯데 자이언츠,부산,7,1,1,6,1,0,패,20.3,,3.6,230,76,1002.5,24
5.30금,19:00,두산 베어스,부산,11,0,1,3,1,0,승,20.3,,3.6,230,76,1002.5,24
5.30금,19:00,NC 다이노스,창원,14,0,2,6,0,2,승,25.1,,1.8,140,46,1005.9,25.2
5.30금,19:00,KIA 타이거즈,창원,8,2,0,5,2,2,패,25.1,,1.8,140,46,1005.9,25.2
5.30금,19:00,SK 와이번스,인천,10,0,1,6,2,0,승,24.7,,2.7,290,45,1002,22.2
5.30금,19:00,한화 이글스,인천,6,1,1,4,0,0,패,24.7,,2.7,290,45,1002,22.2
5.31토,17:00,LG 트윈스,서울,13,2,2,7,0,0,승,31.3,,5.6,270,42,1001,35.6
5.31토,17:00,키움 히어로즈,서울,12,1,1,10,1,0,패,31.3,,5.6,270,42,1001,35.6
5.31토,17:00,롯데 자이언츠,부산,29,2,0,4,1,1,승,24.9,,3.8,230,56,1003.7,35.4
5.31토,17:00,두산 베어스,부산,5,1,0,3,1,2,패,24.9,,3.8,230,56,1003.7,35.4
5.31토,17:00,NC 다이노스,창원,12,1,2,8,1,1,승,29,,3.3,140,31,1006.9,39.2
5.31토,17:00,KIA 타이거즈,창원,9,3,1,7,0,0,패,29,,3.3,140,31,1006.9,39.2
5.31토,17:00,SK 와이번스,인천,11,0,0,1,1,0,승,24.2,,3,250,77,1003.4,29.4
5.31토,17:00,한화 이글스,인천,11,1,1,6,1,1,패,24.2,,3,250,77,1003.4,29.4
6.1일,17:00,LG 트윈스,서울,12,1,2,12,1,1,패,27.7,,4.2,270,51,1000.4,31.5
6.1일,17:00,키움 히어로즈,서울,13,2,2,7,0,0,승,27.7,,4.2,270,51,1000.4,31.5
6.1일,17:00,롯데 자이언츠,부산,18,1,2,2,1,0,승,22.5,,4.1,200,67,1003,28.5
6.1일,17:00,두산 베어스,부산,11,3,0,2,0,0,패,22.5,,4.1,200,67,1003,28.5
6.1일,17:00,NC 다이노스,창원,6,2,0,12,1,1,패,26.1,,1.5,250,53,1006.3,29.5
6.1일,17:00,KIA 타이거즈,창원,13,1,2,4,2,0,승,26.1,,1.5,250,53,1006.3,29.5
6.1일,17:00,SK 와이번스,인천,9,1,2,10,0,2,패,25.5,,1.6,360,55,1002.4,25.5
6.1일,17:00,한화 이글스,인천,12,0,1,4,0,1,승,25.5,,1.6,360,55,1002.4,25.5
6.3화,19:00,KIA 타이거즈,광주,8,0,1,10,0,0,패,18.9,0,4.5,70,88,995.2,19.8
6.3화,19:00,삼성 라이온즈,광주,9,0,2,3,1,1,승,18.9,0,4.5,70,88,995.2,19.8
6.3화,19:00,키움 히어로즈,서울,9,1,0,9,0,0,패,19.1,0,2.8,70,98,996.2,20.1
6.3화,19:00,NC 다이노스,서울,7,1,4,6,0,0,승,19.1,0,2.8,70,98,996.2,20.1
6.4수,19:00,KIA 타이거즈,광주,7,1,0,6,0,0,패,24.6,,4.1,70,58,994.4,23.8
6.4수,19:00,삼성 라이온즈,광주,13,3,4,6,1,1,승,24.6,,4.1,70,58,994.4,23.8
6.4수,19:00,두산 베어스,서울,9,2,0,4,3,3,패,24.3,,6,70,55,994.5,22.2
6.4수,19:00,SK 와이번스,서울,9,1,2,6,1,1,승,24.3,,6,70,55,994.5,22.2
6.4수,19:00,키움 히어로즈,서울,8,1,0,6,0,1,패,24.3,,6,70,55,994.5,22.2
6.4수,19:00,NC 다이노스,서울,23,7,0,7,1,0,승,24.3,,6,70,55,994.5,22.2
6.5목,19:00,한화 이글스,대전,6,1,0,6,2,1,패,22.3,,1.6,20,73,996,20.9
6.5목,19:00,롯데 자이언츠,대전,12,0,1,6,0,1,승,22.3,,1.6,20,73,996,20.9
6.5목,19:00,KIA 타이거즈,광주,15,1,1,13,0,2,승,23.7,,2.7,70,60,994.6,23.9
6.5목,19:00,삼성 라이온즈,광주,17,1,4,6,0,2,패,23.7,,2.7,70,60,994.6,23.9
6.5목,19:00,두산 베어스,서울,4,0,0,7,2,1,패,23.8,,2.9,70,56,994.3,22.6
6.5목,19:00,SK 와이번스,서울,10,1,1,8,0,0,승,23.8,,2.9,70,56,994.3,22.6
6.5목,19:00,키움 히어로즈,서울,8,1,3,8,0,1,패,23.8,,2.9,70,56,994.3,22.6
6.5목,19:00,NC 다이노스,서울,11,2,4,5,0,1,승,23.8,,2.9,70,56,994.3,22.6
6.6금,17:00,KIA 타이거즈,광주,13,0,2,7,1,1,승,24.7,,2.6,270,55,995.7,26.3
6.6금,17:00,LG 트윈스,광주,6,0,3,9,0,0,패,24.7,,2.6,270,55,995.7,26.3
6.6금,17:00,롯데 자이언츠,부산,8,2,0,8,0,1,패,22.4,,3.2,110,66,996.4,26.5
6.6금,17:00,SK 와이번스,부산,14,1,2,6,1,1,승,22.4,,3.2,110,66,996.4,26.5
6.6금,17:00,두산 베어스,서울,15,1,0,2,2,0,패,30.5,,3.5,250,43,992.8,34.3
6.6금,17:00,키움 히어로즈,서울,20,7,0,5,0,1,승,30.5,,3.5,250,43,992.8,34.3
6.6금,17:00,삼성 라이온즈,대구,6,0,2,2,0,1,패,26.3,,3.1,90,41,997.4,36
6.6금,17:00,한화 이글스,대구,13,3,0,4,0,2,승,26.3,,3.1,90,41,997.4,36
6.7토,17:00,KIA 타이거즈,광주,11,3,1,3,0,0,승,24.9,,1.9,290,58,995.6,28.9
6.7토,17:00,LG 트윈스,광주,5,0,0,3,1,0,패,24.9,,1.9,290,58,995.6,28.9
6.7토,17:00,롯데 자이언츠,부산,10,1,1,7,0,1,승,20.6,,4.2,90,78,996.9,26.1
6.7토,17:00,SK 와이번스,부산,9,0,0,10,0,0,패,20.6,,4.2,90,78,996.9,26.1
6.7토,17:00,두산 베어스,서울,10,3,1,7,1,1,패,25.4,,4.4,290,56,993.7,30.7
6.7토,17:00,키움 히어로즈,서울,13,4,2,7,0,1,승,25.4,,4.4,290,56,993.7,30.7
6.7토,17:00,삼성 라이온즈,대구,11,1,0,2,0,0,승,24.7,,4.8,140,51,996.9,37
6.7토,17:00,한화 이글스,대구,8,2,0,4,2,2,패,24.7,,4.8,140,51,996.9,37
6.8일,17:00,KIA 타이거즈,광주,10,0,0,6,0,0,패,24.7,,2.9,290,59,998,34
6.8일,17:00,LG 트윈스,광주,21,2,0,8,1,1,승,24.7,,2.9,290,59,998,34
6.8일,17:00,롯데 자이언츠,부산,6,1,0,8,1,0,승,20.4,,3.1,110,84,999.4,25.1
6.8일,17:00,SK 와이번스,부산,7,0,0,8,1,1,패,20.4,,3.1,110,84,999.4,25.1
6.8일,17:00,두산 베어스,서울,16,4,1,8,1,0,승,22.6,,3.3,290,71,996.1,28
6.8일,17:00,키움 히어로즈,서울,12,1,2,8,0,2,패,22.6,,3.3,290,71,996.1,28
6.8일,17:00,삼성 라이온즈,대구,13,0,0,1,1,0,승,25.4,,2.1,110,55,999.5,34.4
6.8일,17:00,한화 이글스,대구,12,1,0,8,0,1,패,25.4,,2.1,110,55,999.5,34.4
6.10화,19:00,한화 이글스,대전,17,1,1,9,0,0,승,24,,4,110,70,1000,23.7
6.10화,19:00,KIA 타이거즈,대전,20,3,2,4,0,2,패,24,,4,110,70,1000,23.7
6.10화,19:00,LG 트윈스,서울,9,0,2,7,0,1,승,24,,1.2,50,77,997.7,23.9
6.10화,19:00,롯데 자이언츠,서울,6,2,0,10,0,1,패,24,,1.2,50,77,997.7,23.9
6.10화,19:00,NC 다이노스,창원,13,1,2,6,1,0,승,22.6,,1.3,160,74,1004,23.7
6.10화,19:00,두산 베어스,창원,11,0,0,6,1,3,패,22.6,,1.3,160,74,1004,23.7
6.10화,19:00,삼성 라이온즈,대구,11,1,1,2,1,1,무,21.9,,2.9,90,68,1002.7,24.5
6.10화,19:00,키움 히어로즈,대구,7,3,0,7,0,0,무,21.9,,2.9,90,68,1002.7,24.5
6.11수,19:00,한화 이글스,대전,7,0,0,5,1,0,패,24,,1.3,360,65,995.4,23.2
6.11수,19:00,KIA 타이거즈,대전,12,1,0,5,1,0,승,24,,1.3,360,65,995.4,23.2
6.11수,19:00,LG 트윈스,서울,8,0,1,6,1,0,패,18.5,0.5,0.9,360,94,994.2,20.2
6.11수,19:00,롯데 자이언츠,서울,7,1,0,9,1,0,승,18.5,0.5,0.9,360,94,994.2,20.2
6.12목,19:00,한화 이글스,대전,13,0,0,10,1,0,패,18.3,,2.1,230,95,993.8,20.3
6.12목,19:00,KIA 타이거즈,대전,17,2,2,6,0,2,승,18.3,,2.1,230,95,993.8,20.3
6.12목,19:00,NC 다이노스,창원,10,0,2,6,1,2,패,18.4,5,1.7,160,89,998.3,19.6
6.12목,19:00,두산 베어스,창원,9,0,0,5,1,2,승,18.4,5,1.7,160,89,998.3,19.6
6.12목,19:00,삼성 라이온즈,대구,11,1,0,7,0,1,패,20.6,,2.5,110,74,995.5,20.4
6.12목,19:00,키움 히어로즈,대구,13,0,2,8,0,0,승,20.6,,2.5,110,74,995.5,20.4
6.13금,19:00,한화 이글스,대전,12,1,0,10,0,0,승,23,,1,270,79,996.7,22.2
6.13금,19:00,NC 다이노스,대전,4,0,1,6,3,1,패,23,,1,270,79,996.7,22.2
6.13금,19:00,KIA 타이거즈,광주,7,1,0,3,2,1,패,23.8,,1.7,290,58,997.3,23.5
6.13금,19:00,롯데 자이언츠,광주,11,2,0,3,3,1,승,23.8,,1.7,290,58,997.3,23.5
6.13금,19:00,두산 베어스,서울,9,1,0,7,1,0,승,23.9,,3.5,250,73,994,23
6.13금,19:00,삼성 라이온즈,서울,8,3,1,12,1,1,패,23.9,,3.5,250,73,994,23
6.13금,19:00,SK 와이번스,인천,13,0,1,7,2,0,패,20.6,,2.3,250,98,996.2,22.7
6.13금,19:00,LG 트윈스,인천,12,3,1,8,0,0,승,20.6,,2.3,250,98,996.2,22.7
6.14토,17:00,한화 이글스,대전,9,0,0,8,1,0,패,26.9,,2,200,56,998.1,31.4
6.14토,17:00,NC 다이노스,대전,18,2,2,7,2,0,승,26.9,,2,200,56,998.1,31.4
6.14토,17:00,KIA 타이거즈,광주,11,1,1,10,1,0,패,26.5,,2.3,290,40,998.6,27.9
6.14토,17:00,롯데 자이언츠,광주,10,2,0,4,0,0,승,26.5,,2.3,290,40,998.6,27.9
6.14토,17:00,두산 베어스,서울,11,0,1,7,0,0,패,27.1,,4.2,290,55,995.9,30.7
6.14토,17:00,삼성 라이온즈,서울,13,1,2,6,0,2,승,27.1,,4.2,290,55,995.9,30.7
6.14토,17:00,SK 와이번스,인천,9,0,2,5,0,2,승,23.8,,3.9,270,74,998.4,29.3
6.14토,17:00,LG 트윈스,인천,5,0,2,5,2,1,패,23.8,,3.9,270,74,998.4,29.3
6.15일,17:00,한화 이글스,대전,7,0,0,3,3,1,패,27.9,,2.4,320,52,997.8,33
6.15일,17:00,NC 다이노스,대전,17,2,1,5,0,0,승,27.9,,2.4,320,52,997.8,33
6.15일,17:00,KIA 타이거즈,광주,11,1,0,9,1,0,승,27.7,,1.6,20,42,997.5,31.8
6.15일,17:00,롯데 자이언츠,광주,9,1,0,7,2,1,패,27.7,,1.6,20,42,997.5,31.8
6.15일,17:00,두산 베어스,서울,9,1,1,5,0,0,패,27.8,,5.1,270,50,995.4,32.6
6.15일,17:00,삼성 라이온즈,서울,8,1,1,4,1,0,승,27.8,,5.1,270,50,995.4,32.6
6.15일,17:00,SK 와이번스,인천,11,0,0,11,1,0,패,23.3,,4.5,270,79,997.7,29.1
6.15일,17:00,LG 트윈스,인천,14,2,0,7,1,1,승,23.3,,4.5,270,79,997.7,29.1
6.17화,19:00,LG 트윈스,서울,8,0,3,10,0,0,패,25.6,,3,290,70,993.5,28.2
6.17화,19:00,두산 베어스,서울,7,2,0,6,0,0,승,25.6,,3,290,70,993.5,28.2
6.17화,19:00,키움 히어로즈,서울,11,2,3,5,2,1,승,25.6,,3,290,70,993.5,28.2
6.17화,19:00,KIA 타이거즈,서울,8,1,2,12,0,2,패,25.6,,3,290,70,993.5,28.2
6.17화,19:00,롯데 자이언츠,부산,11,0,0,7,1,2,패,20.6,,1.4,70,73,996.5,21.5
6.17화,19:00,NC 다이노스,부산,13,0,0,5,2,0,승,20.6,,1.4,70,73,996.5,21.5
6.17화,19:00,삼성 라이온즈,대구,12,5,1,6,0,0,승,25.1,,3.4,90,37,997.9,25.3
6.17화,19:00,SK 와이번스,대구,11,1,2,10,0,1,패,25.1,,3.4,90,37,997.9,25.3
6.18수,19:00,LG 트윈스,서울,12,1,1,5,0,1,승,25.5,,4.3,270,65,993.4,26.4
6.18수,19:00,두산 베어스,서울,12,1,2,5,1,2,패,25.5,,4.3,270,65,993.4,26.4
6.18수,19:00,키움 히어로즈,서울,13,2,2,5,1,0,승,25.5,,4.3,270,65,993.4,26.4
6.18수,19:00,KIA 타이거즈,서울,12,0,2,9,3,0,패,25.5,,4.3,270,65,993.4,26.4
6.18수,19:00,롯데 자이언츠,부산,9,0,0,5,3,2,패,21.9,,3.1,70,75,996.6,22.4
6.18수,19:00,NC 다이노스,부산,9,0,2,7,0,0,승,21.9,,3.1,70,75,996.6,22.4
6.18수,19:00,삼성 라이온즈,대구,10,2,0,4,4,0,승,27.3,,3,110,39,997,30.6
6.18수,19:00,SK 와이번스,대구,14,1,0,14,1,1,패,27.3,,3,110,39,997,30.6
6.19목,19:00,LG 트윈스,서울,16,5,1,4,0,0,승,23,,4.4,230,79,995.9,24.4
6.19목,19:00,두산 베어스,서울,8,0,2,7,0,0,패,23,,4.4,230,79,995.9,24.4
6.19목,19:00,키움 히어로즈,서울,8,1,0,11,1,0,패,23,,4.4,230,79,995.9,24.4
6.19목,19:00,KIA 타이거즈,서울,6,1,3,3,2,0,승,23,,4.4,230,79,995.9,24.4
6.19목,19:00,롯데 자이언츠,부산,9,1,1,10,3,1,승,24.3,,4.4,250,54,997.5,25.4
6.19목,19:00,NC 다이노스,부산,10,0,2,6,1,2,패,24.3,,4.4,250,54,997.5,25.4
6.19목,19:00,삼성 라이온즈,대구,12,2,2,6,1,2,승,28.6,,2.6,340,40,997.6,30.7
6.19목,19:00,SK 와이번스,대구,8,0,1,5,1,2,패,28.6,,2.6,340,40,997.6,30.7
6.20금,19:00,KIA 타이거즈,광주,12,1,0,9,1,1,승,24.6,,3.2,180,59,999,26.7
6.20금,19:00,두산 베어스,광주,3,0,2,6,0,1,패,24.6,,3.2,180,59,999,26.7
6.20금,19:00,SK 와이번스,인천,10,1,1,4,2,0,패,23.9,,2.6,360,95,999.2,24.3
6.20금,19:00,키움 히어로즈,인천,7,2,1,9,0,0,승,23.9,,2.6,360,95,999.2,24.3
6.20금,19:00,삼성 라이온즈,대구,16,4,1,9,0,1,승,22.4,,4.6,110,66,1002.9,24.6
6.20금,19:00,NC 다이노스,대구,9,1,0,5,0,1,패,22.4,,4.6,110,66,1002.9,24.6
6.21토,17:00,KIA 타이거즈,광주,6,1,0,2,0,1,승,22.1,0,2.2,50,82,997.5,25.2
6.21토,17:00,두산 베어스,광주,4,0,2,4,0,0,패,22.1,0,2.2,50,82,997.5,25.2
6.21토,17:00,LG 트윈스,서울,10,1,1,7,0,0,패,27.9,,0.9,340,59,996.2,28
6.21토,17:00,한화 이글스,서울,7,1,0,4,0,0,승,27.9,,0.9,340,59,996.2,28
6.21토,17:00,SK 와이번스,인천,9,2,2,10,2,1,패,25.6,,2.6,270,74,998.1,26.1
6.21토,17:00,키움 히어로즈,인천,7,1,0,4,0,0,승,25.6,,2.6,270,74,998.1,26.1
6.22일,17:00,KIA 타이거즈,광주,5,0,0,5,0,0,승,26.6,,2.9,250,58,997.9,36.5
6.22일,17:00,두산 베어스,광주,2,0,0,2,0,0,패,26.6,,2.9,250,58,997.9,36.5
6.22일,17:00,LG 트윈스,서울,10,2,0,2,1,0,승,28.6,,3,320,57,995.2,29.8
6.22일,17:00,한화 이글스,서울,16,1,0,6,0,0,패,28.6,,3,320,57,995.2,29.8
6.22일,17:00,SK 와이번스,인천,11,3,0,4,1,0,패,26.5,,3.9,290,68,997.3,32.1
6.22일,17:00,키움 히어로즈,인천,16,1,0,3,1,0,승,26.5,,3.9,290,68,997.3,32.1
6.22일,17:00,삼성 라이온즈,대구,5,2,1,3,1,0,승,25.5,,3,110,49,1000.1,38
6.22일,17:00,NC 다이노스,대구,5,0,1,8,0,1,패,25.5,,3,110,49,1000.1,38
6.23월,19:00,LG 트윈스,서울,9,1,0,5,1,0,승,21.1,,1.8,360,87,994.9,22.1
6.23월,19:00,한화 이글스,서울,4,0,0,3,2,1,패,21.1,,1.8,360,87,994.9,22.1
6.24화,19:00,롯데 자이언츠,부산,10,2,0,4,1,0,패,22.5,,2.3,200,82,998.3,25
6.24화,19:00,한화 이글스,부산,11,1,0,5,2,1,승,22.5,,2.3,200,82,998.3,25
6.24화,19:00,NC 다이노스,창원,7,1,1,8,0,0,승,22.5,,0.7,200,82,1001.8,24.5
6.24화,19:00,LG 트윈스,창원,0,0,0,7,1,1,패,22.5,,0.7,200,82,1001.8,24.5
6.24화,19:00,SK 와이번스,인천,13,1,6,7,0,0,승,23.5,,2.8,320,83,997.7,26.3
6.24화,19:00,KIA 타이거즈,인천,11,1,0,6,0,0,패,23.5,,2.8,320,83,997.7,26.3
6.24화,19:00,키움 히어로즈,서울,8,0,1,9,0,1,승,25.6,,2.9,270,57,995.5,24
6.24화,19:00,삼성 라이온즈,서울,11,0,2,2,0,1,패,25.6,,2.9,270,57,995.5,24
6.25수,19:00,롯데 자이언츠,부산,16,1,1,3,0,0,승,21.9,,3.6,200,91,1000.5,25.3
6.25수,19:00,한화 이글스,부산,10,0,0,8,1,2,패,21.9,,3.6,200,91,1000.5,25.3
6.25수,19:00,NC 다이노스,창원,5,2,0,8,0,0,승,24,,1.4,180,71,1003.7,25
6.25수,19:00,LG 트윈스,창원,4,0,2,11,0,1,패,24,,1.4,180,71,1003.7,25
6.25수,19:00,SK 와이번스,인천,10,2,0,9,0,2,패,23.5,,3.2,340,90,999.3,26.6
6.25수,19:00,KIA 타이거즈,인천,11,0,2,3,2,0,승,23.5,,3.2,340,90,999.3,26.6
6.25수,19:00,키움 히어로즈,서울,5,2,0,7,2,6,패,25.2,,4.1,250,61,997.3,25
6.25수,19:00,삼성 라이온즈,서울,20,1,1,4,1,0,승,25.2,,4.1,250,61,997.3,25
6.26목,19:00,롯데 자이언츠,부산,17,1,0,10,1,0,승,22.9,,2.4,200,86,999.1,27.1
6.26목,19:00,한화 이글스,부산,16,1,1,7,2,2,패,22.9,,2.4,200,86,999.1,27.1
6.26목,19:00,NC 다이노스,창원,4,0,1,4,2,1,패,24.7,,1.9,180,63,1002.3,25.6
6.26목,19:00,LG 트윈스,창원,7,0,1,4,0,2,승,24.7,,1.9,180,63,1002.3,25.6
6.26목,19:00,SK 와이번스,인천,9,0,2,5,2,2,패,23.8,,3.9,340,85,998.1,27.5
6.26목,19:00,KIA 타이거즈,인천,12,1,0,6,1,0,승,23.8,,3.9,340,85,998.1,27.5
6.26목,19:00,키움 히어로즈,서울,21,5,2,10,0,1,승,26.6,,3.7,270,60,996,28.4
6.26목,19:00,삼성 라이온즈,서울,12,2,2,7,2,0,패,26.6,,3.7,270,60,996,28.4
6.27금,19:00,한화 이글스,대전,9,1,1,5,1,0,승,28.3,,3.5,320,62,995,30.6
6.27금,19:00,삼성 라이온즈,대전,6,2,1,6,0,1,패,28.3,,3.5,320,62,995,30.6
6.27금,19:00,LG 트윈스,서울,10,1,0,7,0,1,패,24.4,,5.1,270,71,993.8,27.6
6.27금,19:00,SK 와이번스,서울,10,2,0,5,1,0,승,24.4,,5.1,270,71,993.8,27.6
6.27금,19:00,키움 히어로즈,서울,8,1,0,8,2,1,패,24.4,,5.1,270,71,993.8,27.6
6.27금,19:00,두산 베어스,서울,13,1,0,2,0,0,승,24.4,,5.1,270,71,993.8,27.6
6.27금,19:00,NC 다이노스,창원,14,2,1,7,1,0,패,23.9,,3.3,180,69,999.4,26.1
6.27금,19:00,롯데 자이언츠,창원,15,2,1,8,0,0,승,23.9,,3.3,180,69,999.4,26.1
6.28토,17:00,한화 이글스,대전,12,0,0,6,1,1,패,27.6,,3.1,200,65,993.6,35
6.28토,17:00,삼성 라이온즈,대전,17,3,1,4,0,0,승,27.6,,3.1,200,65,993.6,35
6.28토,17:00,LG 트윈스,서울,6,0,0,6,4,1,패,26.7,,5,270,48,991.4,34.4
6.28토,17:00,SK 와이번스,서울,10,0,1,9,0,1,승,26.7,,5,270,48,991.4,34.4
6.28토,17:00,키움 히어로즈,서울,14,0,0,10,0,1,승,26.7,,5,270,48,991.4,34.4
6.28토,17:00,두산 베어스,서울,9,0,4,4,2,0,패,26.7,,5,270,48,991.4,34.4
6.28토,17:00,NC 다이노스,창원,8,1,1,1,2,0,패,28.2,,2.8,230,54,996.2,38.9
6.28토,17:00,롯데 자이언츠,창원,9,0,0,3,0,0,승,28.2,,2.8,230,54,996.2,38.9
6.29일,17:00,한화 이글스,대전,10,2,0,5,2,1,패,28.3,,1.6,290,58,996.5,37.5
6.29일,17:00,삼성 라이온즈,대전,13,3,0,4,1,1,승,28.3,,1.6,290,58,996.5,37.5
6.29일,17:00,LG 트윈스,서울,15,3,0,7,1,0,승,29.8,,2.2,230,48,994.1,39.1
6.29일,17:00,SK 와이번스,서울,10,1,1,8,1,2,패,29.8,,2.2,230,48,994.1,39.1
6.29일,17:00,키움 히어로즈,서울,13,0,1,3,3,0,승,29.8,,2.2,230,48,994.1,39.1
6.29일,17:00,두산 베어스,서울,4,0,1,6,1,0,패,29.8,,2.2,230,48,994.1,39.1
6.29일,17:00,NC 다이노스,창원,7,0,0,5,1,2,패,26.6,,2.9,230,56,1000.2,33.7
6.29일,17:00,롯데 자이언츠,창원,10,2,0,8,0,2,승,26.6,,2.9,230,56,1000.2,33.7
8.1금,19:00,NC 다이노스,창원,10,1,0,10,0,0,패,28.8,0.1,3.9,110,65,1001.7,26.9
8.1금,19:00,SK 와이번스,창원,18,2,0,6,0,0,승,28.8,0.1,3.9,110,65,1001.7,26.9
8.1금,19:00,두산 베어스,서울,9,0,3,6,0,1,패,32.5,,2.6,50,51,995.9,32
8.1금,19:00,한화 이글스,서울,14,1,1,8,2,0,승,32.5,,2.6,50,51,995.9,32
8.1금,19:00,키움 히어로즈,서울,5,0,0,5,2,1,패,32.5,,2.6,50,51,995.9,32
8.1금,19:00,LG 트윈스,서울,8,2,1,7,1,0,승,32.5,,2.6,50,51,995.9,32
8.1금,19:00,삼성 라이온즈,대구,12,1,4,5,0,1,승,29.3,,3.8,90,67,999.5,27
8.1금,19:00,KIA 타이거즈,대구,14,0,1,7,1,1,패,29.3,,3.8,90,67,999.5,27
8.2토,18:00,NC 다이노스,창원,5,0,0,9,0,1,패,26.3,1,5.5,140,78,996.5,24.4
8.2토,18:00,SK 와이번스,창원,15,2,0,6,1,1,승,26.3,1,5.5,140,78,996.5,24.4
8.2토,18:00,키움 히어로즈,서울,8,1,0,6,2,0,승,32.5,,4.8,70,55,990.5,35.1
8.2토,18:00,LG 트윈스,서울,6,0,0,6,2,1,패,32.5,,4.8,70,55,990.5,35.1
8.3일,18:00,두산 베어스,서울,6,1,0,8,0,0,패,26.1,1.5,3.3,50,100,986.3,27.3
8.3일,18:00,한화 이글스,서울,10,1,1,7,1,0,승,26.1,1.5,3.3,50,100,986.3,27.3
8.4월,19:00,키움 히어로즈,서울,8,2,0,9,1,2,패,28.7,,2.3,270,87,989.5,28.6
8.4월,19:00,LG 트윈스,서울,6,0,0,9,3,0,승,28.7,,2.3,270,87,989.5,28.6
8.5화,19:00,KIA 타이거즈,광주,8,1,1,5,0,0,패,29.5,,1.2,340,59,997.4,28.7
8.5화,19:00,두산 베어스,광주,11,0,0,5,1,0,승,29.5,,1.2,340,59,997.4,28.7
8.5화,19:00,NC 다이노스,창원,5,1,0,6,0,0,승,28.5,,1.3,200,79,1000.4,29.8
8.5화,19:00,롯데 자이언츠,창원,8,0,0,11,0,1,패,28.5,,1.3,200,79,1000.4,29.8
8.5화,19:00,SK 와이번스,인천,9,2,0,7,2,0,패,26,,2.6,250,99,996.4,26.6
8.5화,19:00,키움 히어로즈,인천,7,3,0,6,0,0,승,26,,2.6,250,99,996.4,26.6
8.5화,19:00,삼성 라이온즈,대구,19,5,1,8,1,0,승,31.2,,1.9,320,64,997.5,28.6
8.5화,19:00,한화 이글스,대구,9,0,0,12,0,0,패,31.2,,1.9,320,64,997.5,28.6
8.6수,19:00,NC 다이노스,창원,12,0,3,11,0,0,패,27.5,,1.1,250,78,1000.8,28.6
8.6수,19:00,롯데 자이언츠,창원,15,3,0,3,3,1,승,27.5,,1.1,250,78,1000.8,28.6
8.6수,19:00,삼성 라이온즈,대구,11,1,3,12,0,1,패,28.2,0.4,2.1,20,88,997.8,28
8.6수,19:00,한화 이글스,대구,8,3,0,9,0,1,승,28.2,0.4,2.1,20,88,997.8,28
8.7목,19:00,KIA 타이거즈,광주,9,0,2,8,1,1,패,22.8,0,0.2,0,90,996.9,25
8.7목,19:00,SK 와이번스,광주,9,1,1,11,0,2,승,22.8,0,0.2,0,90,996.9,25
8.7목,19:00,LG 트윈스,서울,12,2,1,13,0,3,승,26.6,,2.3,250,83,996.4,26.8
8.7목,19:00,NC 다이노스,서울,14,2,1,4,2,2,패,26.6,,2.3,250,83,996.4,26.8
8.7목,19:00,키움 히어로즈,서울,11,3,0,11,0,0,승,26.6,,2.3,250,83,996.4,26.8
8.7목,19:00,두산 베어스,서울,10,1,1,7,1,0,패,26.6,,2.3,250,83,996.4,26.8
8.8금,19:00,KIA 타이거즈,광주,9,0,2,8,0,0,승,25.1,,4.7,70,72,997.5,25.9
8.8금,19:00,SK 와이번스,광주,6,0,1,10,1,0,패,25.1,,4.7,70,72,997.5,25.9
8.8금,19:00,LG 트윈스,서울,12,2,1,6,0,1,승,28.4,,6,70,51,997.8,25.2
8.8금,19:00,NC 다이노스,서울,13,1,0,6,1,1,패,28.4,,6,70,51,997.8,25.2
8.8금,19:00,키움 히어로즈,서울,21,3,0,7,2,0,승,28.4,,6,70,51,997.8,25.2
8.8금,19:00,두산 베어스,서울,18,0,0,8,1,1,패,28.4,,6,70,51,997.8,25.2
8.8금,19:00,롯데 자이언츠,부산,12,3,0,8,0,1,패,22.9,0,2.9,50,94,999.2,23.9
8.8금,19:00,삼성 라이온즈,부산,18,2,0,5,1,1,승,22.9,0,2.9,50,94,999.2,23.9
8.9토,18:00,한화 이글스,대전,5,0,0,3,0,0,승,27.3,,4.9,110,65,995.6,28.4
8.9토,18:00,LG 트윈스,대전,7,0,0,5,1,0,패,27.3,,4.9,110,65,995.6,28.4
8.9토,18:00,롯데 자이언츠,부산,9,0,1,8,0,0,패,25.9,,7.4,20,75,993,27.6
8.9토,18:00,KIA 타이거즈,부산,9,2,0,7,2,0,승,25.9,,7.4,20,75,993,27.6
8.9토,18:00,SK 와이번스,인천,14,2,0,6,0,0,승,29.3,,5.4,110,45,995.9,25.8
8.9토,18:00,NC 다이노스,인천,11,2,1,6,2,1,패,29.3,,5.4,110,45,995.9,25.8
8.9토,18:00,삼성 라이온즈,대구,13,0,0,8,0,0,승,26.7,,2.7,70,62,997.2,25.4
8.9토,18:00,키움 히어로즈,대구,12,2,0,10,1,0,패,26.7,,2.7,70,62,997.2,25.4
8.10일,18:00,롯데 자이언츠,부산,5,2,0,10,0,0,패,22.9,1.5,1,320,97,990.7,24.6
8.10일,18:00,KIA 타이거즈,부산,8,1,1,7,0,0,승,22.9,1.5,1,320,97,990.7,24.6
8.11월,19:00,한화 이글스,대전,9,1,1,4,4,2,승,26.3,,2,320,67,993.9,25.9
8.11월,19:00,LG 트윈스,대전,7,0,0,7,2,1,패,26.3,,2,320,67,993.9,25.9
8.11월,19:00,SK 와이번스,인천,8,0,0,9,1,0,패,23.9,,3.2,250,99,993.6,25
8.11월,19:00,NC 다이노스,인천,13,2,1,7,0,0,승,23.9,,3.2,250,99,993.6,25
8.11월,19:00,삼성 라이온즈,대구,11,2,1,10,1,0,승,27.6,,2.4,320,42,994.2,23.5
8.11월,19:00,키움 히어로즈,대구,10,3,5,13,2,0,패,27.6,,2.4,320,42,994.2,23.5
8.12화,19:00,NC 다이노스,창원,6,1,0,7,1,2,패,26.8,,1.4,250,60,1000.4,26.7
8.12화,19:00,KIA 타이거즈,창원,4,1,0,2,0,0,승,26.8,,1.4,250,60,1000.4,26.7
8.12화,19:00,두산 베어스,서울,14,2,2,7,4,3,승,27.1,,4.5,290,68,994.4,26.1
8.12화,19:00,한화 이글스,서울,11,1,0,6,0,1,패,27.1,,4.5,290,68,994.4,26.1
8.12화,19:00,키움 히어로즈,서울,15,1,0,7,1,0,승,27.1,,4.5,290,68,994.4,26.1
8.12화,19:00,롯데 자이언츠,서울,9,0,0,5,1,1,패,27.1,,4.5,290,68,994.4,26.1
8.12화,19:00,SK 와이번스,인천,12,0,1,4,3,0,승,24.8,,2.3,270,99,996.8,25.6
8.12화,19:00,LG 트윈스,인천,7,0,0,4,1,1,패,24.8,,2.3,270,99,996.8,25.6
8.13수,19:00,NC 다이노스,창원,7,1,1,10,0,0,승,25.1,,0,0,72,1004.2,25
8.13수,19:00,KIA 타이거즈,창원,5,0,1,5,2,1,패,25.1,,0,0,72,1004.2,25
8.13수,19:00,SK 와이번스,인천,11,0,2,9,0,1,승,22.8,0,2.1,200,91,1001.6,23.1
8.13수,19:00,LG 트윈스,인천,6,1,0,4,1,0,패,22.8,0,2.1,200,91,1001.6,23.1
8.13수,19:00,키움 히어로즈,서울,11,1,1,8,1,0,승,24.3,,2.1,230,63,999.6,23.5
8.13수,19:00,롯데 자이언츠,서울,8,0,0,15,0,2,패,24.3,,2.1,230,63,999.6,23.5
8.14목,19:00,롯데 자이언츠,부산,10,1,0,8,1,0,승,21.2,1.5,3,50,98,998.9,22.2
8.14목,19:00,한화 이글스,부산,13,1,0,6,1,1,패,21.2,1.5,3,50,98,998.9,22.2
8.14목,19:00,두산 베어스,서울,8,1,0,8,0,0,패,22.1,,2,50,81,998.6,22.1
8.14목,19:00,키움 히어로즈,서울,13,3,0,10,1,0,승,22.1,,2,50,81,998.6,22.1
8.14목,19:00,삼성 라이온즈,대구,12,0,1,8,2,0,승,21.4,1.5,0.5,270,96,1001.8,22.2
8.14목,19:00,SK 와이번스,대구,8,0,0,8,2,0,패,21.4,1.5,0.5,270,96,1001.8,22.2
8.15금,18:00,롯데 자이언츠,부산,12,1,0,8,4,4,패,24.5,,1.9,50,86,999.8,26
8.15금,18:00,한화 이글스,부산,10,0,0,6,0,1,승,24.5,,1.9,50,86,999.8,26
8.15금,18:00,NC 다이노스,창원,6,0,0,6,0,0,패,25.7,,0.9,70,80,1003.4,26.3
8.15금,18:00,LG 트윈스,창원,9,0,0,3,1,0,승,25.7,,0.9,70,80,1003.4,26.3
8.15금,18:00,두산 베어스,서울,6,1,0,6,2,0,패,28.8,,2.5,290,62,997.4,27.6
8.15금,18:00,키움 히어로즈,서울,9,4,1,8,0,0,승,28.8,,2.5,290,62,997.4,27.6
8.15금,18:00,삼성 라이온즈,대구,7,3,2,7,1,1,패,25.4,,3.8,140,78,1001.5,27.2
8.15금,18:00,SK 와이번스,대구,13,3,2,7,0,1,승,25.4,,3.8,140,78,1001.5,27.2
8.16토,18:00,한화 이글스,대전,8,1,1,8,1,0,패,28,,0.5,360,70,1001.4,29
8.16토,18:00,NC 다이노스,대전,9,0,0,4,0,0,승,28,,0.5,360,70,1001.4,29
8.16토,18:00,LG 트윈스,서울,9,2,0,8,0,2,패,28.9,,3.4,250,65,999.4,30.8
8.16토,18:00,삼성 라이온즈,서울,16,1,2,5,0,0,승,28.9,,3.4,250,65,999.4,30.8
8.16토,18:00,키움 히어로즈,서울,12,1,3,5,0,0,승,28.9,,3.4,250,65,999.4,30.8
8.16토,18:00,KIA 타이거즈,서울,16,0,1,7,2,0,패,28.9,,3.4,250,65,999.4,30.8
8.16토,18:00,롯데 자이언츠,부산,11,0,0,8,2,1,패,26.4,,2.1,90,75,1002.3,28.8
8.16토,18:00,두산 베어스,부산,11,0,0,3,1,1,승,26.4,,2.1,90,75,1002.3,28.8
8.17일,18:00,한화 이글스,대전,4,1,0,4,1,0,패,21.1,0.7,1,340,100,1004.1,22.8
8.17일,18:00,NC 다이노스,대전,8,1,1,8,1,0,승,21.1,0.7,1,340,100,1004.1,22.8
8.17일,18:00,롯데 자이언츠,부산,10,0,0,5,2,1,패,23.9,,3.5,70,72,1004.9,25.1
8.17일,18:00,두산 베어스,부산,10,1,2,3,1,1,승,23.9,,3.5,70,72,1004.9,25.1
8.19화,19:00,한화 이글스,대전,17,0,0,6,2,0,승,24.3,0.1,1,230,96,1002.4,24.7
8.19화,19:00,롯데 자이언츠,대전,9,1,0,7,3,2,패,24.3,0.1,1,230,96,1002.4,24.7
8.19화,19:00,LG 트윈스,서울,16,2,0,10,0,2,승,24.1,,1.1,340,92,1000.4,24.5
8.19화,19:00,키움 히어로즈,서울,11,1,0,6,0,0,패,24.1,,1.1,340,92,1000.4,24.5
8.19화,19:00,두산 베어스,서울,13,2,0,9,1,2,승,24.1,,1.1,340,92,1000.4,24.5
8.19화,19:00,SK 와이번스,서울,16,0,1,9,1,0,패,24.1,,1.1,340,92,1000.4,24.5
8.20수,19:00,LG 트윈스,서울,4,0,0,6,0,2,패,26.4,,1.7,320,78,999.5,25.7
8.20수,19:00,키움 히어로즈,서울,7,0,2,6,0,1,승,26.4,,1.7,320,78,999.5,25.7
8.20수,19:00,두산 베어스,서울,5,0,0,6,0,0,패,26.4,,1.7,320,78,999.5,25.7
8.20수,19:00,SK 와이번스,서울,9,1,1,8,0,1,승,26.4,,1.7,320,78,999.5,25.7
8.21목,19:00,두산 베어스,서울,9,0,1,6,0,1,패,23,0.5,3.9,360,92,997.3,23.3
8.21목,19:00,삼성 라이온즈,서울,8,1,3,3,0,0,승,23,0.5,3.9,360,92,997.3,23.3
8.21목,19:00,키움 히어로즈,서울,10,1,0,10,0,0,패,23,0.5,3.9,360,92,997.3,23.3
8.21목,19:00,NC 다이노스,서울,8,1,1,3,1,0,승,23,0.5,3.9,360,92,997.3,23.3
8.22금,19:00,KIA 타이거즈,광주,8,1,1,6,2,1,패,25.5,,1.9,320,68,1002.5,25.8
8.22금,19:00,LG 트윈스,광주,9,0,0,8,1,1,승,25.5,,1.9,320,68,1002.5,25.8
8.22금,19:00,두산 베어스,서울,14,1,0,9,1,0,승,25.5,,3.9,270,77,999.8,24.8
8.22금,19:00,삼성 라이온즈,서울,8,3,2,12,0,0,패,25.5,,3.9,270,77,999.8,24.8
8.22금,19:00,키움 히어로즈,서울,4,1,0,3,0,1,패,25.5,,3.9,270,77,999.8,24.8
8.22금,19:00,NC 다이노스,서울,6,0,2,7,2,0,승,25.5,,3.9,270,77,999.8,24.8
8.22금,19:00,SK 와이번스,인천,9,0,0,2,3,1,패,24.2,,2.3,270,99,1001.8,24.8
8.22금,19:00,한화 이글스,인천,18,0,1,5,1,1,승,24.2,,2.3,270,99,1001.8,24.8
8.23토,18:00,한화 이글스,대전,12,0,1,8,0,0,패,27.5,,1.1,320,74,1000.8,29.6
8.23토,18:00,KIA 타이거즈,대전,9,1,0,4,1,0,승,27.5,,1.1,320,74,1000.8,29.6
8.23토,18:00,LG 트윈스,서울,7,0,0,8,0,0,승,27.5,,3.6,290,67,998.5,27
8.23토,18:00,롯데 자이언츠,서울,5,0,0,6,1,0,패,27.5,,3.6,290,67,998.5,27
8.23토,18:00,NC 다이노스,창원,16,1,2,8,1,1,승,27,,1.4,230,70,1004.5,28.3
8.23토,18:00,두산 베어스,창원,11,1,2,6,0,1,패,27,,1.4,230,70,1004.5,28.3
8.23토,18:00,SK 와이번스,인천,11,1,3,6,2,2,패,26.1,,3,270,92,1000.7,27.1
8.23토,18:00,삼성 라이온즈,인천,13,2,3,4,3,2,승,26.1,,3,270,92,1000.7,27.1
8.24일,18:00,LG 트윈스,서울,8,1,0,8,1,1,승,27.5,,2.9,290,68,997.8,27.4
8.24일,18:00,롯데 자이언츠,서울,6,1,0,7,0,1,패,27.5,,2.9,290,68,997.8,27.4
8.24일,18:00,NC 다이노스,창원,11,0,1,4,0,1,승,25.5,0,1.5,160,88,1004.2,26.6
8.24일,18:00,두산 베어스,창원,8,0,1,4,0,0,패,25.5,0,1.5,160,88,1004.2,26.6
8.24일,18:00,SK 와이번스,인천,14,3,3,13,0,0,승,25.5,,2.4,340,97,999.9,25.6
8.24일,18:00,삼성 라이온즈,인천,12,3,0,5,1,1,패,25.5,,2.4,340,97,999.9,25.6
8.25월,19:00,한화 이글스,대전,13,2,0,4,3,0,승,23.7,,1.1,50,97,998.4,24.1
8.25월,19:00,KIA 타이거즈,대전,3,0,0,6,2,0,패,23.7,,1.1,50,97,998.4,24.1
8.26화,19:00,NC 다이노스,창원,4,0,2,8,1,1,패,25.5,,2.5,200,84,1005.9,26.6
8.26화,19:00,한화 이글스,창원,9,0,2,11,0,2,승,25.5,,2.5,200,84,1005.9,26.6
8.26화,19:00,삼성 라이온즈,대구,16,1,5,9,1,2,승,24,0,2.5,110,90,1004.5,25.1
8.26화,19:00,롯데 자이언츠,대구,11,1,2,10,1,0,패,24,0,2.5,110,90,1004.5,25.1
8.27수,19:00,KIA 타이거즈,광주,8,1,1,9,0,2,패,24.2,0,3.4,200,78,1006.9,24.4
8.27수,19:00,키움 히어로즈,광주,8,2,2,9,0,0,승,24.2,0,3.4,200,78,1006.9,24.4
8.27수,19:00,LG 트윈스,서울,9,0,0,8,0,1,승,26.6,,2.1,50,62,1005,24.7
8.27수,19:00,두산 베어스,서울,6,0,1,8,0,0,패,26.6,,2.1,50,62,1005,24.7
8.27수,19:00,NC 다이노스,창원,6,3,2,13,0,0,패,22.7,,0.2,0,82,1011.7,23.2
8.27수,19:00,한화 이글스,창원,9,1,0,10,0,0,승,22.7,,0.2,0,82,1011.7,23.2
8.27수,19:00,삼성 라이온즈,대구,9,0,1,3,1,1,패,22.7,,3.9,90,73,1009.9,21.6
8.27수,19:00,롯데 자이언츠,대구,15,1,0,8,0,0,승,22.7,,3.9,90,73,1009.9,21.6
8.28목,19:00,KIA 타이거즈,광주,11,1,3,8,0,4,패,21.9,,0.1,0,84,1007.5,23.4
8.28목,19:00,롯데 자이언츠,광주,11,0,2,10,1,1,승,21.9,,0.1,0,84,1007.5,23.4
8.28목,19:00,LG 트윈스,서울,3,0,0,9,1,1,패,27.5,,4.4,250,66,1004.8,25.7
8.28목,19:00,SK 와이번스,서울,8,1,1,7,0,1,승,27.5,,4.4,250,66,1004.8,25.7
8.28목,19:00,키움 히어로즈,서울,11,3,0,5,0,0,승,27.5,,4.4,250,66,1004.8,25.7
8.28목,19:00,한화 이글스,서울,12,0,0,9,0,0,패,27.5,,4.4,250,66,1004.8,25.7
8.28목,19:00,삼성 라이온즈,대구,13,0,4,9,0,0,패,24,,2.9,110,64,1009.4,22.8
8.28목,19:00,두산 베어스,대구,10,1,1,9,0,1,승,24,,2.9,110,64,1009.4,22.8
8.29금,19:00,KIA 타이거즈,광주,12,1,0,15,0,2,승,23.5,,2,270,72,1006.3,23.8
8.29금,19:00,롯데 자이언츠,광주,8,0,0,11,0,1,패,23.5,,2,270,72,1006.3,23.8
8.29금,19:00,LG 트윈스,서울,16,3,1,4,1,0,승,26.6,,2.5,270,68,1004.3,25.6
8.29금,19:00,SK 와이번스,서울,7,1,0,8,1,0,패,26.6,,2.5,270,68,1004.3,25.6
8.29금,19:00,키움 히어로즈,서울,17,2,1,10,1,0,패,26.6,,2.5,270,68,1004.3,25.6
8.29금,19:00,한화 이글스,서울,13,2,0,10,1,0,승,26.6,,2.5,270,68,1004.3,25.6
8.29금,19:00,삼성 라이온즈,대구,3,1,1,1,2,0,패,23.6,,4.2,90,61,1009.1,23.1
8.29금,19:00,두산 베어스,대구,8,1,1,4,0,0,승,23.6,,4.2,90,61,1009.1,23.1
8.30토,18:00,롯데 자이언츠,부산,6,0,0,10,0,1,패,23.3,,3.3,70,71,1005.3,22.7
8.30토,18:00,LG 트윈스,부산,4,0,0,4,1,1,승,23.3,,3.3,70,71,1005.3,22.7
8.30토,18:00,두산 베어스,서울,9,1,1,6,1,1,승,27.3,,4.2,270,69,1002.9,26.7
8.30토,18:00,NC 다이노스,서울,3,1,1,9,0,2,패,27.3,,4.2,270,69,1002.9,26.7
8.30토,18:00,키움 히어로즈,서울,10,2,1,10,1,1,승,27.3,,4.2,270,69,1002.9,26.7
8.30토,18:00,삼성 라이온즈,서울,9,1,2,6,0,2,패,27.3,,4.2,270,69,1002.9,26.7
8.30토,18:00,SK 와이번스,인천,12,2,1,5,2,1,승,25.7,,3.5,270,85,1005.2,26.4
8.30토,18:00,KIA 타이거즈,인천,7,0,2,10,1,1,패,25.7,,3.5,270,85,1005.2,26.4
8.31일,18:00,롯데 자이언츠,부산,8,2,0,8,1,1,승,22.7,,3.9,70,70,1004.8,22.6
8.31일,18:00,LG 트윈스,부산,6,0,1,6,1,0,패,22.7,,3.9,70,70,1004.8,22.6
8.31일,18:00,두산 베어스,서울,14,3,1,6,0,1,승,26.7,,1.9,360,57,1002.5,26.5
8.31일,18:00,NC 다이노스,서울,10,1,0,7,0,0,패,26.7,,1.9,360,57,1002.5,26.5
8.31일,18:00,키움 히어로즈,서울,11,2,0,4,2,0,승,26.7,,1.9,360,57,1002.5,26.5
8.31일,18:00,삼성 라이온즈,서울,4,0,0,6,1,0,패,26.7,,1.9,360,57,1002.5,26.5
8.31일,18:00,SK 와이번스,인천,11,1,1,10,1,0,승,25,,2.7,250,76,1004.6,25.5
8.31일,18:00,KIA 타이거즈,인천,10,1,3,6,0,1,패,25,,2.7,250,76,1004.6,25.5
9.2화,19:00,한화 이글스,대전,12,2,1,4,1,2,무,22,0,1.7,70,87,1002.1,21.8
9.2화,19:00,SK 와이번스,대전,6,2,0,4,1,0,무,22,0,1.7,70,87,1002.1,21.8
9.2화,19:00,NC 다이노스,창원,14,0,1,16,0,2,무,21.3,0,2.4,20,82,1006.9,22.1
9.2화,19:00,삼성 라이온즈,창원,15,1,1,6,1,2,무,21.3,0,2.4,20,82,1006.9,22.1
9.4목,19:00,한화 이글스,대전,6,0,1,7,3,1,패,24.9,,1.6,200,76,1001.1,23.2
9.4목,19:00,삼성 라이온즈,대전,12,1,2,5,0,0,승,24.9,,1.6,200,76,1001.1,23.2
9.4목,19:00,롯데 자이언츠,부산,11,2,0,15,0,3,승,23.9,,4,180,89,1000.6,23.5
9.4목,19:00,SK 와이번스,부산,8,1,0,8,0,0,패,23.9,,4,180,89,1000.6,23.5
9.4목,19:00,NC 다이노스,창원,5,2,1,8,0,0,패,24.8,,0.7,340,79,1004.1,24.3
9.4목,19:00,키움 히어로즈,창원,13,5,0,6,0,1,승,24.8,,0.7,340,79,1004.1,24.3
9.4목,19:00,두산 베어스,서울,13,1,0,4,2,0,무,23.5,,4.6,270,72,998.9,22.7
9.4목,19:00,LG 트윈스,서울,10,1,2,10,0,2,무,23.5,,4.6,270,72,998.9,22.7
9.5금,18:00,두산 베어스,서울,6,0,0,4,0,0,패,25.9,,3.2,270,65,1001.8,26.1
9.5금,18:00,LG 트윈스,서울,13,0,0,6,1,0,승,25.9,,3.2,270,65,1001.8,26.1
9.5금,19:00,한화 이글스,대전,2,0,0,14,0,0,패,25.5,,1.1,320,75,1004.4,24.8
9.5금,19:00,삼성 라이온즈,대전,8,2,1,4,0,0,승,25.5,,1.1,320,75,1004.4,24.8
9.5금,19:00,롯데 자이언츠,부산,4,1,2,8,1,1,패,24.5,,2.7,230,83,1003.9,23.3
9.5금,19:00,SK 와이번스,부산,18,1,2,9,0,1,승,24.5,,2.7,230,83,1003.9,23.3
9.5금,19:00,NC 다이노스,창원,5,0,0,10,2,3,패,24.9,,1.1,180,74,1007.6,25.2
9.5금,19:00,키움 히어로즈,창원,10,1,3,5,0,0,승,24.9,,1.1,180,74,1007.6,25.2
9.6토,17:00,KIA 타이거즈,광주,15,3,2,5,1,1,승,29.6,,2.1,50,44,1002.3,30.7
9.6토,17:00,NC 다이노스,광주,6,0,1,8,0,1,패,29.6,,2.1,50,44,1002.3,30.7
9.6토,17:00,LG 트윈스,서울,9,1,2,8,1,0,패,30.3,,4.1,290,44,1000.4,30.2
9.6토,17:00,한화 이글스,서울,12,3,0,2,1,0,승,30.3,,4.1,290,44,1000.4,30.2
9.6토,17:00,롯데 자이언츠,부산,12,3,1,10,0,0,승,24.1,,2.4,90,64,1003.6,24.9
9.6토,17:00,키움 히어로즈,부산,11,1,0,5,1,0,패,24.1,,2.4,90,64,1003.6,24.9
9.6토,17:00,SK 와이번스,인천,8,2,2,4,0,0,승,27.1,,3.8,340,70,1002.6,30.1
9.6토,17:00,두산 베어스,인천,11,0,1,3,1,1,패,27.1,,3.8,340,70,1002.6,30.1
9.7일,14:00,KIA 타이거즈,광주,6,0,1,10,1,1,패,29.3,,1.7,270,51,999.8,37.7
9.7일,14:00,NC 다이노스,광주,11,0,5,12,0,0,승,29.3,,1.7,270,51,999.8,37.7
9.7일,14:00,LG 트윈스,서울,8,1,0,3,2,0,패,30.9,,2.6,270,43,998.2,42.1
9.7일,14:00,한화 이글스,서울,11,3,1,5,1,1,승,30.9,,2.6,270,43,998.2,42.1
9.7일,14:00,롯데 자이언츠,부산,11,2,0,9,0,0,패,27.5,,3.1,140,61,1000.6,43.6
9.7일,14:00,키움 히어로즈,부산,11,2,1,3,0,1,승,27.5,,3.1,140,61,1000.6,43.6
9.7일,14:00,SK 와이번스,인천,13,2,1,7,1,0,승,27.5,,3.2,270,86,1000.4,32.1
9.7일,14:00,두산 베어스,인천,9,1,0,2,0,0,패,27.5,,3.2,270,86,1000.4,32.1
9.9화,14:00,한화 이글스,대전,9,1,1,12,0,3,패,26.7,,1.6,290,61,1000,35.4
9.9화,14:00,키움 히어로즈,대전,19,2,0,2,1,1,승,26.7,,1.6,290,61,1000,35.4
9.9화,14:00,LG 트윈스,서울,13,2,1,8,0,2,패,27.8,,3.5,250,41,997.5,42.5
9.9화,14:00,KIA 타이거즈,서울,10,0,4,4,0,0,승,27.8,,3.5,250,41,997.5,42.5
9.9화,14:00,SK 와이번스,인천,9,3,0,6,0,1,승,26.2,,2.7,270,47,999.9,31.8
9.9화,14:00,롯데 자이언츠,인천,10,2,1,6,1,2,패,26.2,,2.7,270,47,999.9,31.8
9.9화,14:00,삼성 라이온즈,대구,12,0,1,10,1,0,패,30.2,,2.4,290,41,1000.1,41.8
9.9화,14:00,NC 다이노스,대구,11,2,4,3,3,0,승,30.2,,2.4,290,41,1000.1,41.8
9.10수,14:00,한화 이글스,대전,6,0,0,11,2,1,패,26.2,,1.2,360,46,1002.4,43.4
9.10수,14:00,키움 히어로즈,대전,10,1,2,3,1,0,승,26.2,,1.2,360,46,1002.4,43.4
9.10수,14:00,LG 트윈스,서울,10,2,2,3,1,2,승,27.5,,2.6,270,42,1000,42.6
9.10수,14:00,KIA 타이거즈,서울,10,0,0,6,1,0,패,27.5,,2.6,270,42,1000,42.6
9.10수,14:00,SK 와이번스,인천,14,1,0,11,2,0,패,26,,3,270,46,1002.2,32.1
9.10수,14:00,롯데 자이언츠,인천,19,0,0,5,0,0,승,26,,3,270,46,1002.2,32.1
9.10수,14:00,삼성 라이온즈,대구,6,1,1,6,1,0,승,28,,2.4,270,41,1002.3,38.2
9.10수,14:00,NC 다이노스,대구,7,0,2,6,0,0,패,28,,2.4,270,41,1002.3,38.2
9.11목,19:00,한화 이글스,대전,12,1,1,11,0,1,패,23.4,,1.7,320,68,1004.4,23.3
9.11목,19:00,두산 베어스,대전,16,1,3,6,0,1,승,23.4,,1.7,320,68,1004.4,23.3
9.11목,19:00,KIA 타이거즈,광주,7,2,0,12,0,0,패,24.6,,1.3,290,61,1004.1,26
9.11목,19:00,삼성 라이온즈,광주,13,0,1,9,0,0,승,24.6,,1.3,290,61,1004.1,26
9.11목,19:00,롯데 자이언츠,부산,9,0,0,10,0,0,승,22.9,,2.5,70,71,1004.8,21.8
9.11목,19:00,NC 다이노스,부산,7,0,0,6,1,0,패,22.9,,2.5,70,71,1004.8,21.8
9.11목,19:00,키움 히어로즈,서울,4,0,0,1,0,1,패,25.3,,2.7,340,54,1002.4,25.4
9.11목,19:00,SK 와이번스,서울,12,1,1,1,0,0,승,25.3,,2.7,340,54,1002.4,25.4
9.12금,19:00,한화 이글스,대전,7,0,0,6,0,2,패,22,,0.7,70,79,1005.4,22.3
9.12금,19:00,두산 베어스,대전,11,1,0,4,1,0,승,22,,0.7,70,79,1005.4,22.3
9.12금,19:00,KIA 타이거즈,광주,11,0,0,8,1,0,패,21.2,,0.9,340,82,1004.9,21.8
9.12금,19:00,삼성 라이온즈,광주,19,6,0,6,1,0,승,21.2,,0.9,340,82,1004.9,21.8
9.12금,19:00,롯데 자이언츠,부산,1,0,0,11,0,1,패,22.5,,2.7,70,69,1005.8,21.7
9.12금,19:00,NC 다이노스,부산,10,1,0,12,0,0,승,22.5,,2.7,70,69,1005.8,21.7
9.12금,19:00,키움 히어로즈,서울,4,0,0,7,1,0,패,21.3,0,1.1,50,83,1003.4,22.9
9.12금,19:00,SK 와이번스,서울,7,0,1,8,0,1,승,21.3,0,1.1,50,83,1003.4,22.9
9.13토,17:00,KIA 타이거즈,광주,9,0,1,8,0,0,승,28.2,,1.3,70,35,1004.5,34.6
9.13토,17:00,한화 이글스,광주,4,1,0,10,0,2,패,28.2,,1.3,70,35,1004.5,34.6
9.13토,17:00,NC 다이노스,창원,10,3,1,10,0,1,승,25.4,,2.2,110,52,1009.4,30.2
9.13토,17:00,SK 와이번스,창원,9,0,2,4,1,1,패,25.4,,2.2,110,52,1009.4,30.2
9.13토,17:00,두산 베어스,서울,14,1,1,9,1,1,승,27.3,,3.1,50,42,1003.6,28.8
9.13토,17:00,롯데 자이언츠,서울,7,0,0,12,0,0,패,27.3,,3.1,50,42,1003.6,28.8
9.13토,17:00,삼성 라이온즈,대구,9,0,0,7,2,1,패,25.6,,4.4,90,40,1007.8,34.6
9.13토,17:00,LG 트윈스,대구,6,0,1,7,0,0,승,25.6,,4.4,90,40,1007.8,34.6
9.14일,14:00,KIA 타이거즈,광주,13,3,0,5,0,0,패,26.6,,2.2,320,44,1006.1,40
9.14일,14:00,한화 이글스,광주,12,4,0,10,0,0,승,26.6,,2.2,320,44,1006.1,40
9.14일,14:00,NC 다이노스,창원,6,1,0,7,0,2,패,25.4,,1.5,20,53,1010.5,35.5
9.14일,14:00,SK 와이번스,창원,7,1,1,2,0,0,승,25.4,,1.5,20,53,1010.5,35.5
9.14일,14:00,두산 베어스,서울,11,0,0,2,0,0,패,28.2,,1.1,50,42,1005,45
9.14일,14:00,롯데 자이언츠,서울,8,2,0,6,0,0,승,28.2,,1.1,50,42,1005,45
9.14일,14:00,삼성 라이온즈,대구,8,0,0,9,2,1,패,26.7,,2.4,90,38,1007.9,41.6
9.14일,14:00,LG 트윈스,대구,12,1,0,9,0,1,승,26.7,,2.4,90,38,1007.9,41.6
