<?xml version="1.0" encoding="UTF-8"?>
<beans xmlns="http://www.springframework.org/schema/beans"
	xmlns:xsi="http://www.w3.org/2001/XMLSchema-instance"
	xmlns:context="http://www.springframework.org/schema/context"
	xmlns:mybatis-spring="http://mybatis.org/schema/mybatis-spring"
	xsi:schemaLocation="http://mybatis.org/schema/mybatis-spring http://mybatis.org/schema/mybatis-spring-1.2.xsd
		http://www.springframework.org/schema/beans https://www.springframework.org/schema/beans/spring-beans.xsd
		http://www.springframework.org/schema/context http://www.springframework.org/schema/context/spring-context-3.1.xsd">
	
	<mybatis-spring:scan base-package="kr.smhrd.mapper"/>
	
	<context:component-scan base-package="kr.smhrd.model" />	
	
	<!-- Root Context: defines shared resources visible to all other web components -->
	<!-- SqlSessionFactory -->
	<bean id="sqlSessionFactory" class="org.mybatis.spring.SqlSessionFactoryBean">
       <property name="dataSource" ref="dataSource"/>
       <property name="configLocation" value="/WEB-INF/mybatis/config.xml"/>
	</bean>	
	
	<!-- jdbc연결(DataSource) -->
	<bean id="dataSource" class="org.springframework.jdbc.datasource.SimpleDriverDataSource">
	    <property name="driverClass" value="${driver}"/>
	    <property name="url" value="${url}"/>
	    <property name="username" value="${username}"/>
	    <property name="password" value="${password}"/>
	</bean>	
	
	<!-- db.properties연결 -->
	<bean id="propertyPlaceholderConfigurer" class="org.springframework.beans.factory.config.PropertyPlaceholderConfigurer">
	    <property name="locations" value="/WEB-INF/mybatis/db.properties"/>
	</bean>
</beans>
